date,open,low,high,close,volume,base_currency,target_currency
2024-10-18 16:00:00,1.08635,1.08627,1.08691,1.08652,3219,EUR,USD
2024-10-18 12:00:00,1.08532,1.08525,1.08679,1.08634,22483,EUR,USD
2024-10-18 08:00:00,1.08478,1.08461,1.08642,1.08532,42737,EUR,USD
2024-10-18 04:00:00,1.08406,1.08338,1.08516,1.08478,32083,EUR,USD
2024-10-18 00:00:00,1.08382,1.08366,1.08483,1.08406,27138,EUR,USD
2024-10-17 20:00:00,1.08288,1.0827,1.08393,1.08382,22544,EUR,USD
2024-10-17 16:00:00,1.08276,1.08249,1.08329,1.08288,6807,EUR,USD
2024-10-17 12:00:00,1.08362,1.08206,1.08367,1.08276,25787,EUR,USD
2024-10-17 08:00:00,1.08629,1.08107,1.08732,1.08362,87465,EUR,USD
2024-10-17 04:00:00,1.08544,1.08487,1.08671,1.08629,30980,EUR,USD
2024-10-17 00:00:00,1.08526,1.08487,1.08581,1.08544,25916,EUR,USD
2024-10-16 20:00:00,1.08585,1.08508,1.08648,1.08526,24263,EUR,USD
2024-10-16 16:00:00,1.08573,1.08558,1.08687,1.08585,8904,EUR,USD
2024-10-16 12:00:00,1.08721,1.08528,1.08765,1.08573,23332,EUR,USD
2024-10-16 08:00:00,1.0894,1.08657,1.09011,1.08721,48205,EUR,USD
2024-10-16 04:00:00,1.08819,1.08774,1.08969,1.0894,35289,EUR,USD
2024-10-16 00:00:00,1.08907,1.08749,1.08928,1.08819,32107,EUR,USD
2024-10-15 20:00:00,1.08828,1.08817,1.08954,1.08907,21296,EUR,USD
2024-10-15 16:00:00,1.08866,1.08827,1.08926,1.08828,6814,EUR,USD
2024-10-15 12:00:00,1.08986,1.08815,1.09021,1.08866,27504,EUR,USD
2024-10-15 08:00:00,1.09006,1.08981,1.09165,1.08986,52748,EUR,USD
2024-10-15 04:00:00,1.08982,1.08968,1.09159,1.09006,38207,EUR,USD
2024-10-15 00:00:00,1.08962,1.08846,1.08984,1.08982,29711,EUR,USD
2024-10-14 20:00:00,1.09085,1.08953,1.09095,1.08962,18211,EUR,USD
2024-10-14 16:00:00,1.09036,1.09025,1.09101,1.09085,6543,EUR,USD
2024-10-14 12:00:00,1.09065,1.08878,1.09082,1.09036,21391,EUR,USD
2024-10-14 08:00:00,1.09124,1.09043,1.09271,1.09065,46827,EUR,USD
2024-10-14 04:00:00,1.0928,1.09088,1.09364,1.09123,30221,EUR,USD
2024-10-14 00:00:00,1.09252,1.0922,1.09308,1.0928,21466,EUR,USD
2024-10-13 20:00:00,1.09228,1.09149,1.09288,1.09252,22117,EUR,USD
2024-10-11 16:00:00,1.09329,1.09321,1.09379,1.09355,4679,EUR,USD
2024-10-11 12:00:00,1.09412,1.0932,1.0948,1.0933,19666,EUR,USD
2024-10-11 08:00:00,1.09309,1.0925,1.09524,1.09413,43562,EUR,USD
2024-10-11 04:00:00,1.0945,1.0926,1.0954,1.09308,26145,EUR,USD
2024-10-11 00:00:00,1.0938,1.093,1.0946,1.09446,18985,EUR,USD
2024-10-10 20:00:00,1.09335,1.0928,1.0941,1.09396,16104,EUR,USD
2024-10-10 16:00:00,1.0934,1.09301,1.09374,1.09332,7917,EUR,USD
2024-10-10 12:00:00,1.09245,1.08996,1.09344,1.0934,47437,EUR,USD
2024-10-10 08:00:00,1.09306,1.09067,1.09546,1.09245,108465,EUR,USD
2024-10-10 04:00:00,1.09371,1.09269,1.09394,1.09306,31796,EUR,USD
2024-10-10 00:00:00,1.09431,1.09327,1.09443,1.09371,27925,EUR,USD
2024-10-09 20:00:00,1.09412,1.09386,1.09457,1.09431,26054,EUR,USD
2024-10-09 16:00:00,1.09382,1.09362,1.09423,1.09412,8144,EUR,USD
2024-10-09 12:00:00,1.09503,1.09358,1.09503,1.09382,30033,EUR,USD
2024-10-09 08:00:00,1.09537,1.09391,1.09594,1.09503,50788,EUR,USD
2024-10-09 04:00:00,1.09599,1.09529,1.09705,1.09537,34987,EUR,USD
2024-10-09 00:00:00,1.09674,1.09506,1.09757,1.09599,40669,EUR,USD
2024-10-08 20:00:00,1.09752,1.09665,1.09784,1.09674,26938,EUR,USD
2024-10-08 16:00:00,1.09775,1.09711,1.09807,1.09752,10807,EUR,USD
2024-10-08 12:00:00,1.09695,1.09654,1.09779,1.09775,30882,EUR,USD
2024-10-08 08:00:00,1.09873,1.09606,1.09895,1.09695,57248,EUR,USD
2024-10-08 04:00:00,1.09949,1.09781,1.09969,1.09873,38543,EUR,USD
2024-10-08 00:00:00,1.09828,1.09782,1.09952,1.09949,36866,EUR,USD
2024-10-07 20:00:00,1.09739,1.09724,1.09865,1.09828,32951,EUR,USD
2024-10-07 16:00:00,1.0972,1.09693,1.09788,1.09739,11357,EUR,USD
2024-10-07 12:00:00,1.09756,1.09653,1.09865,1.0972,33580,EUR,USD
2024-10-07 08:00:00,1.09765,1.09692,1.09844,1.09756,67450,EUR,USD
2024-10-07 04:00:00,1.09691,1.09539,1.09802,1.09765,48527,EUR,USD
2024-10-07 00:00:00,1.09717,1.09577,1.09732,1.09691,33765,EUR,USD
2024-10-06 20:00:00,1.09701,1.09678,1.09773,1.09717,29120,EUR,USD
2024-10-04 16:00:00,1.09761,1.09713,1.09774,1.09717,3679,EUR,USD
2024-10-04 12:00:00,1.09605,1.095,1.0978,1.09758,26533,EUR,USD
2024-10-04 08:00:00,1.10318,1.0953,1.1034,1.09601,53004,EUR,USD
2024-10-04 04:00:00,1.10279,1.1018,1.1037,1.10323,29824,EUR,USD
2024-10-04 00:00:00,1.1027,1.1023,1.1036,1.10271,25564,EUR,USD
2024-10-03 20:00:00,1.10348,1.1024,1.104,1.10271,21991,EUR,USD
2024-10-03 16:00:00,1.10282,1.10258,1.10368,1.10347,8164,EUR,USD
2024-10-03 12:00:00,1.10143,1.10137,1.10359,1.10281,38744,EUR,USD
2024-10-03 08:00:00,1.10424,1.10079,1.10465,1.10143,100201,EUR,USD
2024-10-03 04:00:00,1.10327,1.1029,1.10463,1.10424,49333,EUR,USD
2024-10-03 00:00:00,1.10354,1.10244,1.10419,1.10327,42184,EUR,USD
2024-10-02 20:00:00,1.10455,1.10317,1.10463,1.10354,24043,EUR,USD
2024-10-02 16:00:00,1.10486,1.10409,1.10522,1.10455,15043,EUR,USD
2024-10-02 12:00:00,1.10491,1.10364,1.10546,1.10486,32712,EUR,USD
2024-10-02 08:00:00,1.10752,1.10322,1.1077,1.10491,74523,EUR,USD
2024-10-02 04:00:00,1.10662,1.10609,1.10826,1.10752,47641,EUR,USD
2024-10-02 00:00:00,1.10705,1.10537,1.10734,1.10662,41694,EUR,USD
2024-10-01 20:00:00,1.10642,1.1063,1.10737,1.10705,25272,EUR,USD
2024-10-01 16:00:00,1.10672,1.10629,1.10724,1.10642,10888,EUR,USD
2024-10-01 12:00:00,1.10659,1.10454,1.10769,1.10672,60742,EUR,USD
2024-10-01 08:00:00,1.10842,1.10555,1.10884,1.10659,102759,EUR,USD
2024-10-01 04:00:00,1.1115,1.10782,1.11199,1.10842,56869,EUR,USD
2024-10-01 00:00:00,1.11373,1.11112,1.11437,1.1115,42595,EUR,USD
2024-09-30 20:00:00,1.11362,1.11268,1.1143,1.11373,23208,EUR,USD
2024-09-30 16:00:00,1.11323,1.11277,1.11423,1.11362,10539,EUR,USD
2024-09-30 12:00:00,1.11438,1.11132,1.11631,1.11323,65291,EUR,USD
2024-09-30 08:00:00,1.11973,1.11346,1.1201,1.11438,78174,EUR,USD
2024-09-30 04:00:00,1.11718,1.11718,1.12087,1.11973,51075,EUR,USD
2024-09-30 00:00:00,1.11579,1.11557,1.11752,1.11718,31275,EUR,USD
2024-09-29 20:00:00,1.11686,1.11558,1.11735,1.11579,24997,EUR,USD
2024-09-27 16:00:00,1.11638,1.1158,1.11678,1.11593,4702,EUR,USD
2024-09-27 12:00:00,1.11584,1.11461,1.11678,1.11638,42122,EUR,USD
2024-09-27 08:00:00,1.11624,1.11538,1.1203,1.11584,93142,EUR,USD
2024-09-27 04:00:00,1.11329,1.11262,1.1171,1.11624,49500,EUR,USD
2024-09-27 00:00:00,1.11691,1.11245,1.1176,1.11329,62710,EUR,USD
2024-09-26 20:00:00,1.11769,1.11624,1.11775,1.11691,27243,EUR,USD
2024-09-26 16:00:00,1.11777,1.11732,1.11787,1.11769,15637,EUR,USD
2024-09-26 12:00:00,1.11827,1.11662,1.11841,1.11777,43017,EUR,USD
2024-09-26 08:00:00,1.1154,1.11257,1.11892,1.11827,99591,EUR,USD
2024-09-26 04:00:00,1.11348,1.11256,1.11614,1.1154,52780,EUR,USD
2024-09-26 00:00:00,1.11405,1.11335,1.1158,1.11348,35977,EUR,USD
2024-09-25 20:00:00,1.11296,1.11288,1.11452,1.11405,18956,EUR,USD
2024-09-25 16:00:00,1.1126,1.11249,1.11334,1.11296,8659,EUR,USD
2024-09-25 12:00:00,1.11431,1.11215,1.11476,1.1126,39615,EUR,USD
2024-09-25 08:00:00,1.11957,1.11417,1.12141,1.11431,75058,EUR,USD
2024-09-25 04:00:00,1.11917,1.11781,1.11974,1.11957,42021,EUR,USD
2024-09-25 00:00:00,1.11981,1.11857,1.11986,1.11917,30628,EUR,USD
2024-09-24 20:00:00,1.11909,1.11852,1.11987,1.11981,26914,EUR,USD
2024-09-24 16:00:00,1.11765,1.1175,1.11912,1.11909,9165,EUR,USD
2024-09-24 12:00:00,1.11497,1.11493,1.11767,1.11765,32271,EUR,USD
2024-09-24 08:00:00,1.1129,1.1129,1.11634,1.11497,71622,EUR,USD
2024-09-24 04:00:00,1.11268,1.1122,1.1146,1.1129,41369,EUR,USD
2024-09-24 00:00:00,1.11125,1.11042,1.11322,1.11268,39242,EUR,USD
2024-09-23 20:00:00,1.11108,1.11033,1.11137,1.11125,24116,EUR,USD
2024-09-23 16:00:00,1.11146,1.11073,1.11149,1.11108,8129,EUR,USD
2024-09-23 12:00:00,1.11302,1.11119,1.11303,1.11146,39076,EUR,USD
2024-09-23 08:00:00,1.11197,1.11084,1.11434,1.11302,74374,EUR,USD
2024-09-23 04:00:00,1.11014,1.10831,1.11257,1.11197,49672,EUR,USD
2024-09-23 00:00:00,1.11615,1.10976,1.11673,1.11014,39467,EUR,USD
2024-09-22 20:00:00,1.1159,1.11556,1.11649,1.11615,18879,EUR,USD
2024-09-20 16:00:00,1.1162,1.1156,1.11638,1.11601,4789,EUR,USD
2024-09-20 12:00:00,1.11588,1.11571,1.11758,1.1162,48657,EUR,USD
2024-09-20 08:00:00,1.11615,1.1136,1.11768,1.11588,78544,EUR,USD
2024-09-20 04:00:00,1.11626,1.11522,1.11691,1.11615,41754,EUR,USD
2024-09-20 00:00:00,1.11656,1.11593,1.11818,1.11626,43519,EUR,USD
2024-09-19 20:00:00,1.11592,1.11571,1.11692,1.11656,27178,EUR,USD
2024-09-19 16:00:00,1.1162,1.11576,1.11643,1.11592,8986,EUR,USD
2024-09-19 12:00:00,1.11467,1.11451,1.11678,1.1162,41664,EUR,USD
2024-09-19 08:00:00,1.1158,1.11164,1.11582,1.11467,100664,EUR,USD
2024-09-19 04:00:00,1.11459,1.11448,1.11789,1.1158,55537,EUR,USD
2024-09-19 00:00:00,1.11185,1.1115,1.1153,1.11458,51096,EUR,USD
2024-10-18 16:00:00,1.30424,1.3041,1.30498,1.30467,12568,GBP,USD
2024-10-18 12:00:00,1.30212,1.30197,1.30457,1.30424,38807,GBP,USD
2024-10-18 08:00:00,1.30446,1.30198,1.30665,1.30212,62380,GBP,USD
2024-10-18 04:00:00,1.3052,1.30337,1.3053,1.30446,45464,GBP,USD
2024-10-18 00:00:00,1.30202,1.30192,1.30706,1.3052,45068,GBP,USD
2024-10-17 20:00:00,1.30142,1.30105,1.30261,1.30202,37786,GBP,USD
2024-10-17 16:00:00,1.30123,1.30005,1.30166,1.30142,13966,GBP,USD
2024-10-17 12:00:00,1.3007,1.29984,1.30149,1.30123,40852,GBP,USD
2024-10-17 08:00:00,1.30154,1.2979,1.3023,1.30068,107648,GBP,USD
2024-10-17 04:00:00,1.29839,1.29745,1.30169,1.30154,42128,GBP,USD
2024-10-17 00:00:00,1.29863,1.29732,1.29925,1.29839,40807,GBP,USD
2024-10-16 20:00:00,1.29903,1.29799,1.3001,1.29863,37637,GBP,USD
2024-10-16 16:00:00,1.29819,1.29797,1.29921,1.29903,19401,GBP,USD
2024-10-16 12:00:00,1.29993,1.29765,1.30052,1.29819,30458,GBP,USD
2024-10-16 08:00:00,1.30307,1.29953,1.30374,1.29993,62931,GBP,USD
2024-10-16 04:00:00,1.30002,1.29912,1.30321,1.30307,52853,GBP,USD
2024-10-16 00:00:00,1.30709,1.29819,1.30762,1.30002,62307,GBP,USD
2024-10-15 20:00:00,1.30642,1.30594,1.30768,1.30709,34456,GBP,USD
2024-10-15 16:00:00,1.3067,1.30626,1.30746,1.30642,16455,GBP,USD
2024-10-15 12:00:00,1.30818,1.30601,1.30847,1.3067,41913,GBP,USD
2024-10-15 08:00:00,1.30758,1.30739,1.31026,1.30818,77275,GBP,USD
2024-10-15 04:00:00,1.3073,1.30668,1.30963,1.30758,39204,GBP,USD
2024-10-15 00:00:00,1.30538,1.3035,1.30735,1.3073,43930,GBP,USD
2024-10-14 20:00:00,1.30668,1.30533,1.30685,1.30538,24585,GBP,USD
2024-10-14 16:00:00,1.30548,1.30498,1.30673,1.30668,15315,GBP,USD
2024-10-14 12:00:00,1.30486,1.30411,1.3061,1.30548,32635,GBP,USD
2024-10-14 08:00:00,1.30382,1.30298,1.30599,1.30486,67858,GBP,USD
2024-10-14 04:00:00,1.30617,1.30369,1.30676,1.30382,51148,GBP,USD
2024-10-14 00:00:00,1.30588,1.30555,1.30714,1.30617,36244,GBP,USD
2024-10-13 20:00:00,1.30477,1.304,1.3062,1.30588,35880,GBP,USD
2024-10-11 16:00:00,1.3064,1.30548,1.30694,1.30583,8288,GBP,USD
2024-10-11 12:00:00,1.30692,1.3063,1.3078,1.30638,23503,GBP,USD
2024-10-11 08:00:00,1.3061,1.3053,1.30831,1.30691,43639,GBP,USD
2024-10-11 04:00:00,1.3075,1.305,1.3081,1.30608,28353,GBP,USD
2024-10-11 00:00:00,1.30545,1.304,1.3076,1.30748,23771,GBP,USD
2024-10-10 20:00:00,1.30611,1.305,1.3067,1.30546,19155,GBP,USD
2024-10-10 16:00:00,1.30551,1.30457,1.30641,1.30607,23827,GBP,USD
2024-10-10 12:00:00,1.30521,1.30213,1.3059,1.30551,65365,GBP,USD
2024-10-10 08:00:00,1.30664,1.30107,1.30879,1.30521,122157,GBP,USD
2024-10-10 04:00:00,1.30829,1.30659,1.30933,1.30663,50437,GBP,USD
2024-10-10 00:00:00,1.30751,1.30672,1.30886,1.30829,42256,GBP,USD
2024-10-09 20:00:00,1.30659,1.30643,1.30777,1.30751,39817,GBP,USD
2024-10-09 16:00:00,1.3064,1.30594,1.30746,1.30659,17903,GBP,USD
2024-10-09 12:00:00,1.30783,1.30617,1.30783,1.3064,46594,GBP,USD
2024-10-09 08:00:00,1.30838,1.30651,1.3089,1.30783,71949,GBP,USD
2024-10-09 04:00:00,1.30826,1.30674,1.30951,1.30838,54088,GBP,USD
2024-10-09 00:00:00,1.30845,1.30552,1.31014,1.30826,59736,GBP,USD
2024-10-08 20:00:00,1.30925,1.30825,1.31025,1.30845,41370,GBP,USD
2024-10-08 16:00:00,1.30997,1.30884,1.3105,1.30925,29645,GBP,USD
2024-10-08 12:00:00,1.30919,1.30754,1.31008,1.30998,59542,GBP,USD
2024-10-08 08:00:00,1.31046,1.30806,1.31131,1.30919,80996,GBP,USD
2024-10-08 04:00:00,1.31015,1.30855,1.31066,1.31046,61144,GBP,USD
2024-10-08 00:00:00,1.30923,1.30636,1.3103,1.31015,54789,GBP,USD
2024-10-07 20:00:00,1.30838,1.30838,1.31034,1.30923,47552,GBP,USD
2024-10-07 16:00:00,1.30821,1.30717,1.30877,1.30838,18403,GBP,USD
2024-10-07 12:00:00,1.30793,1.30684,1.30962,1.30822,63523,GBP,USD
2024-10-07 08:00:00,1.30816,1.3066,1.30938,1.30793,96279,GBP,USD
2024-10-07 04:00:00,1.31119,1.30587,1.31164,1.30816,75021,GBP,USD
2024-10-07 00:00:00,1.31288,1.30992,1.31303,1.31119,54980,GBP,USD
2024-10-06 20:00:00,1.31224,1.31181,1.31341,1.31288,43461,GBP,USD
2024-10-04 16:00:00,1.31261,1.31098,1.31293,1.31132,20772,GBP,USD
2024-10-04 12:00:00,1.31058,1.30949,1.31281,1.31254,37637,GBP,USD
2024-10-04 08:00:00,1.31681,1.30685,1.3175,1.31056,59079,GBP,USD
2024-10-04 04:00:00,1.31577,1.31433,1.31744,1.31696,36305,GBP,USD
2024-10-04 00:00:00,1.31278,1.3122,1.3168,1.31583,30169,GBP,USD
2024-10-03 20:00:00,1.31283,1.3122,1.3136,1.3128,25756,GBP,USD
2024-10-03 16:00:00,1.31207,1.31126,1.31312,1.3128,21089,GBP,USD
2024-10-03 12:00:00,1.31112,1.31099,1.31314,1.31207,65346,GBP,USD
2024-10-03 08:00:00,1.31126,1.30894,1.31264,1.31112,139884,GBP,USD
2024-10-03 04:00:00,1.31537,1.30923,1.31554,1.31126,83338,GBP,USD
2024-10-03 00:00:00,1.32499,1.31477,1.32517,1.31537,77999,GBP,USD
2024-10-02 20:00:00,1.32623,1.3246,1.32647,1.32499,43042,GBP,USD
2024-10-02 16:00:00,1.32709,1.32548,1.32726,1.32623,26826,GBP,USD
2024-10-02 12:00:00,1.32698,1.32577,1.32782,1.3271,60733,GBP,USD
2024-10-02 08:00:00,1.32932,1.32452,1.32961,1.32698,98020,GBP,USD
2024-10-02 04:00:00,1.32875,1.32747,1.3305,1.32932,64425,GBP,USD
2024-10-02 00:00:00,1.32853,1.32601,1.33005,1.32875,57628,GBP,USD
2024-10-01 20:00:00,1.32739,1.32739,1.32957,1.32853,35364,GBP,USD
2024-10-01 16:00:00,1.32803,1.32717,1.32861,1.32739,37104,GBP,USD
2024-10-01 12:00:00,1.32788,1.32368,1.32896,1.32803,103222,GBP,USD
2024-10-01 08:00:00,1.33197,1.32632,1.33281,1.32788,141687,GBP,USD
2024-10-01 04:00:00,1.3338,1.33106,1.3349,1.33197,80497,GBP,USD
2024-10-01 00:00:00,1.33704,1.33337,1.33847,1.3338,68295,GBP,USD
2024-09-30 20:00:00,1.33771,1.33688,1.33895,1.33704,47595,GBP,USD
2024-09-30 16:00:00,1.33707,1.33629,1.3382,1.33771,18329,GBP,USD
2024-09-30 12:00:00,1.33971,1.33468,1.34079,1.33707,91330,GBP,USD
2024-09-30 08:00:00,1.34021,1.33596,1.34168,1.33971,101288,GBP,USD
2024-09-30 04:00:00,1.33982,1.33851,1.34227,1.34021,62198,GBP,USD
2024-09-30 00:00:00,1.33839,1.33738,1.3399,1.33982,52095,GBP,USD
2024-09-29 20:00:00,1.3382,1.33732,1.33892,1.33839,39220,GBP,USD
2024-09-27 16:00:00,1.33758,1.33618,1.33764,1.33676,21051,GBP,USD
2024-09-27 12:00:00,1.33936,1.33724,1.33962,1.33761,77163,GBP,USD
2024-09-27 08:00:00,1.33879,1.33782,1.34276,1.33936,113438,GBP,USD
2024-09-27 04:00:00,1.33671,1.33596,1.33976,1.33879,63338,GBP,USD
2024-09-27 00:00:00,1.33928,1.33603,1.33967,1.33671,70456,GBP,USD
2024-09-26 20:00:00,1.34104,1.33845,1.34106,1.33928,39926,GBP,USD
2024-09-26 16:00:00,1.34144,1.33998,1.34158,1.34104,26685,GBP,USD
2024-09-26 12:00:00,1.34284,1.34049,1.34284,1.34144,77952,GBP,USD
2024-09-26 08:00:00,1.33741,1.33508,1.34343,1.34284,128831,GBP,USD
2024-09-26 04:00:00,1.33442,1.33342,1.33891,1.33741,69990,GBP,USD
2024-09-26 00:00:00,1.33386,1.33344,1.33582,1.33442,47140,GBP,USD
2024-09-25 20:00:00,1.33138,1.33123,1.33406,1.33386,28225,GBP,USD
2024-09-25 16:00:00,1.33157,1.33123,1.33234,1.33138,24009,GBP,USD
2024-09-25 12:00:00,1.3338,1.33126,1.33418,1.33157,92898,GBP,USD
2024-09-25 08:00:00,1.33757,1.33348,1.34126,1.33379,113902,GBP,USD
2024-09-25 04:00:00,1.3389,1.33637,1.33936,1.33757,71383,GBP,USD
2024-09-25 00:00:00,1.34227,1.33827,1.34235,1.3389,54771,GBP,USD
2024-09-24 20:00:00,1.34265,1.34104,1.34297,1.34227,36887,GBP,USD
2024-09-24 16:00:00,1.34145,1.34091,1.34276,1.34265,18293,GBP,USD
2024-09-24 12:00:00,1.33752,1.33752,1.34152,1.34145,58760,GBP,USD
2024-09-24 08:00:00,1.33698,1.33676,1.33988,1.33752,96413,GBP,USD
2024-09-24 04:00:00,1.3349,1.3349,1.33829,1.33698,64616,GBP,USD
2024-09-24 00:00:00,1.33531,1.33316,1.33663,1.3349,65259,GBP,USD
2024-09-23 20:00:00,1.33485,1.33399,1.33573,1.33531,40595,GBP,USD
2024-09-23 16:00:00,1.33472,1.33333,1.33501,1.33485,17843,GBP,USD
2024-09-23 12:00:00,1.33505,1.33369,1.33542,1.33474,65573,GBP,USD
2024-09-23 08:00:00,1.33125,1.32994,1.33594,1.33505,102619,GBP,USD
2024-09-23 04:00:00,1.32626,1.32483,1.33187,1.33125,71443,GBP,USD
2024-09-23 00:00:00,1.33093,1.32603,1.33202,1.32626,54674,GBP,USD
2024-09-22 20:00:00,1.33119,1.33077,1.33196,1.33093,26595,GBP,USD
2024-09-20 16:00:00,1.33159,1.33095,1.33227,1.33174,21184,GBP,USD
2024-09-20 12:00:00,1.33044,1.33022,1.33315,1.33159,80272,GBP,USD
2024-09-20 08:00:00,1.32995,1.32679,1.33233,1.33044,104034,GBP,USD
2024-09-20 04:00:00,1.33123,1.32808,1.33168,1.32995,64238,GBP,USD
2024-09-20 00:00:00,1.32938,1.32868,1.33403,1.33123,62801,GBP,USD
2024-09-19 20:00:00,1.32811,1.32716,1.33015,1.32938,39136,GBP,USD
2024-09-19 16:00:00,1.32819,1.32763,1.32862,1.32811,18009,GBP,USD
2024-09-19 12:00:00,1.32788,1.32736,1.32893,1.32819,73338,GBP,USD
2024-09-19 08:00:00,1.32851,1.32193,1.32909,1.32788,119189,GBP,USD
2024-09-19 04:00:00,1.32469,1.3245,1.33142,1.32851,88166,GBP,USD
2024-09-19 00:00:00,1.32108,1.32005,1.32585,1.32469,64191,GBP,USD
2024-10-18 16:00:00,0.006685,0.0066753,0.00669,0.006686,207,JPY,USD
2024-10-18 12:00:00,0.0066837,0.00668,0.0066941,0.0066872,713,JPY,USD
2024-10-18 08:00:00,0.0066656,0.006661,0.0066874,0.0066845,720,JPY,USD
2024-10-18 04:00:00,0.006661,0.006658,0.0066813,0.0066651,716,JPY,USD
2024-10-18 00:00:00,0.00667,0.006659,0.0066761,0.0066618,717,JPY,USD
2024-10-17 20:00:00,0.00666,0.006659,0.0066717,0.0066706,714,JPY,USD
2024-10-17 16:00:00,0.0066561,0.0066514,0.0066624,0.0066602,661,JPY,USD
2024-10-17 12:00:00,0.0066602,0.006651,0.0066603,0.0066562,717,JPY,USD
2024-10-17 08:00:00,0.0066869,0.006658,0.0066888,0.0066607,719,JPY,USD
2024-10-17 04:00:00,0.006675,0.006671,0.0066885,0.0066875,717,JPY,USD
2024-10-17 00:00:00,0.006685,0.006674,0.0066928,0.0066763,716,JPY,USD
2024-10-16 20:00:00,0.0066858,0.006682,0.0066984,0.0066864,717,JPY,USD
2024-10-16 16:00:00,0.0066787,0.006674,0.006687,0.0066847,676,JPY,USD
2024-10-16 12:00:00,0.006678,0.006673,0.0066793,0.0066778,714,JPY,USD
2024-10-16 08:00:00,0.006702,0.006676,0.0067038,0.0066785,719,JPY,USD
2024-10-16 04:00:00,0.006689,0.006688,0.0067034,0.006703,719,JPY,USD
2024-10-16 00:00:00,0.0067035,0.006688,0.0067045,0.0066903,720,JPY,USD
2024-10-15 20:00:00,0.0067071,0.006696,0.0067137,0.0067023,720,JPY,USD
2024-10-15 16:00:00,0.0067,0.0066856,0.006707,0.006707,655,JPY,USD
2024-10-15 12:00:00,0.006699,0.006686,0.006703,0.0066998,718,JPY,USD
2024-10-15 08:00:00,0.0066935,0.006691,0.0067129,0.0067006,719,JPY,USD
2024-10-15 04:00:00,0.0066999,0.006693,0.0067172,0.006695,719,JPY,USD
2024-10-15 00:00:00,0.0066785,0.006676,0.0067029,0.0066996,712,JPY,USD
2024-10-14 20:00:00,0.006676,0.006676,0.0066906,0.0066787,714,JPY,USD
2024-10-14 16:00:00,0.006675,0.0066639,0.0066803,0.006678,671,JPY,USD
2024-10-14 12:00:00,0.0066736,0.006666,0.0066782,0.006676,714,JPY,USD
2024-10-14 08:00:00,0.0066817,0.006667,0.0066818,0.0066736,720,JPY,USD
2024-10-14 04:00:00,0.0066948,0.006677,0.0066958,0.0066821,718,JPY,USD
2024-10-14 00:00:00,0.006695,0.006692,0.0067029,0.0066943,707,JPY,USD
2024-10-13 20:00:00,0.006697,0.006694,0.0067037,0.0066959,712,JPY,USD
2024-10-11 16:00:00,0.00670479,0.00669,0.00670538,0.006701,202,JPY,USD
2024-10-11 12:00:00,0.0067055,0.0067038,0.00671258,0.0067039,713,JPY,USD
2024-10-11 08:00:00,0.0067114,0.00669,0.00671754,0.0067047,737,JPY,USD
2024-10-11 04:00:00,0.0067204,0.0067,0.00672604,0.00671118,720,JPY,USD
2024-10-11 00:00:00,0.0067246,0.00671,0.00672907,0.0067206,670,JPY,USD
2024-10-10 20:00:00,0.0067229,0.00671,0.00673768,0.0067237,733,JPY,USD
2024-10-10 16:00:00,0.0067323,0.006722,0.006737,0.0067236,675,JPY,USD
2024-10-10 12:00:00,0.0067297,0.006706,0.0067358,0.006729,717,JPY,USD
2024-10-10 08:00:00,0.0067133,0.0067048,0.0067381,0.006729,718,JPY,USD
2024-10-10 04:00:00,0.0067105,0.0067,0.00672,0.0067128,720,JPY,USD
2024-10-10 00:00:00,0.0066994,0.006686,0.0067141,0.0067098,714,JPY,USD
2024-10-09 20:00:00,0.0067035,0.006697,0.0067104,0.0067006,718,JPY,USD
2024-10-09 16:00:00,0.006696,0.006693,0.0067037,0.006702,664,JPY,USD
2024-10-09 12:00:00,0.0067017,0.006694,0.0067028,0.006695,716,JPY,USD
2024-10-09 08:00:00,0.0067236,0.006698,0.0067252,0.0067018,718,JPY,USD
2024-10-09 04:00:00,0.0067301,0.006722,0.006734,0.0067233,717,JPY,USD
2024-10-09 00:00:00,0.0067411,0.006726,0.0067433,0.0067315,716,JPY,USD
2024-10-08 20:00:00,0.0067484,0.006736,0.0067548,0.0067412,714,JPY,USD
2024-10-08 16:00:00,0.0067428,0.0067371,0.0067503,0.006748,676,JPY,USD
2024-10-08 12:00:00,0.0067453,0.006738,0.0067538,0.0067427,717,JPY,USD
2024-10-08 08:00:00,0.006762,0.006739,0.006762,0.0067457,717,JPY,USD
2024-10-08 04:00:00,0.0067741,0.006755,0.0067765,0.0067627,719,JPY,USD
2024-10-08 00:00:00,0.0067597,0.006748,0.006785,0.0067747,714,JPY,USD
2024-10-07 20:00:00,0.0067486,0.006747,0.0067765,0.006759,716,JPY,USD
2024-10-07 16:00:00,0.006752,0.0067399,0.0067696,0.0067498,665,JPY,USD
2024-10-07 12:00:00,0.0067504,0.006747,0.006761,0.0067521,716,JPY,USD
2024-10-07 08:00:00,0.0067435,0.006742,0.0067621,0.00675,720,JPY,USD
2024-10-07 04:00:00,0.0067435,0.006724,0.006753,0.0067442,720,JPY,USD
2024-10-07 00:00:00,0.0067369,0.006727,0.0067485,0.006743,711,JPY,USD
2024-10-06 20:00:00,0.0067216,0.00672,0.0067451,0.0067374,717,JPY,USD
2024-10-04 16:00:00,0.00672,0.0067158,0.0067256,0.006722,207,JPY,USD
2024-10-04 12:00:00,0.006723,0.00671,0.006725,0.0067209,719,JPY,USD
2024-10-04 08:00:00,0.00682,0.006721,0.0068234,0.0067237,703,JPY,USD
2024-10-04 04:00:00,0.006833,0.006818,0.0068364,0.0068211,717,JPY,USD
2024-10-04 00:00:00,0.00683,0.006829,0.0068521,0.0068343,717,JPY,USD
2024-10-03 20:00:00,0.006807,0.006804,0.0068313,0.0068306,715,JPY,USD
2024-10-03 16:00:00,0.006807,0.0067997,0.0068137,0.0068087,676,JPY,USD
2024-10-03 12:00:00,0.006808,0.006805,0.0068211,0.0068092,714,JPY,USD
2024-10-03 08:00:00,0.006816,0.0067938,0.0068247,0.0068096,696,JPY,USD
2024-10-03 04:00:00,0.006825,0.006801,0.0068293,0.006818,719,JPY,USD
2024-10-03 00:00:00,0.006807,0.0068046,0.0068332,0.0068274,719,JPY,USD
2024-10-02 20:00:00,0.0068222,0.006791,0.0068254,0.0068092,692,JPY,USD
2024-10-02 16:00:00,0.0068277,0.0068105,0.0068341,0.00682,658,JPY,USD
2024-10-02 12:00:00,0.0068461,0.006825,0.0068525,0.006827,717,JPY,USD
2024-10-02 08:00:00,0.006911,0.006836,0.006911,0.006845,711,JPY,USD
2024-10-02 04:00:00,0.0069414,0.0069,0.0069458,0.006909,720,JPY,USD
2024-10-02 00:00:00,0.0069371,0.006934,0.0069654,0.006939,717,JPY,USD
2024-10-01 20:00:00,0.0069567,0.0069347,0.0069639,0.006936,711,JPY,USD
2024-10-01 16:00:00,0.0069666,0.006954,0.0069707,0.006955,673,JPY,USD
2024-10-01 12:00:00,0.0069618,0.006948,0.0069778,0.006964,716,JPY,USD
2024-10-01 08:00:00,0.0069556,0.00694,0.006991,0.006958,691,JPY,USD
2024-10-01 04:00:00,0.0069356,0.006933,0.0069643,0.006954,719,JPY,USD
2024-10-01 00:00:00,0.00693,0.006918,0.0069481,0.006934,694,JPY,USD
2024-09-30 20:00:00,0.0069556,0.006927,0.0069589,0.006929,716,JPY,USD
2024-09-30 16:00:00,0.006955,0.0069542,0.0069733,0.006956,663,JPY,USD
2024-09-30 12:00:00,0.0069807,0.006947,0.0069943,0.0069569,717,JPY,USD
2024-09-30 08:00:00,0.0070138,0.006974,0.0070138,0.006978,719,JPY,USD
2024-09-30 04:00:00,0.0070221,0.007002,0.0070241,0.007013,720,JPY,USD
2024-09-30 00:00:00,0.0070188,0.007016,0.0070585,0.007022,717,JPY,USD
2024-09-29 20:00:00,0.0070022,0.0069995,0.0070269,0.007018,718,JPY,USD
2024-09-27 16:00:00,0.0070325,0.0070213,0.007034,0.007029,207,JPY,USD
2024-09-27 12:00:00,0.007012,0.007006,0.0070374,0.0070321,714,JPY,USD
2024-09-27 08:00:00,0.0069881,0.0069806,0.0070182,0.0070117,716,JPY,USD
2024-09-27 04:00:00,0.0069816,0.0069549,0.006994,0.0069861,720,JPY,USD
2024-09-27 00:00:00,0.0068829,0.006825,0.0069993,0.0069831,717,JPY,USD
2024-09-26 20:00:00,0.006889,0.006869,0.006897,0.0068826,717,JPY,USD
2024-09-26 16:00:00,0.0069115,0.006888,0.0069115,0.006891,674,JPY,USD
2024-09-26 12:00:00,0.0069102,0.0069,0.0069183,0.0069117,717,JPY,USD
2024-09-26 08:00:00,0.006936,0.006888,0.0069381,0.0069113,694,JPY,USD
2024-09-26 04:00:00,0.0068948,0.006886,0.0069359,0.0069359,719,JPY,USD
2024-09-26 00:00:00,0.006898,0.006888,0.0069132,0.0068941,719,JPY,USD
2024-09-25 20:00:00,0.0069096,0.0068931,0.0069218,0.0068984,718,JPY,USD
2024-09-25 16:00:00,0.0069076,0.006902,0.0069154,0.0069086,671,JPY,USD
2024-09-25 12:00:00,0.006923,0.006906,0.0069248,0.0069071,720,JPY,USD
2024-09-25 08:00:00,0.0069292,0.0069144,0.0069488,0.0069239,719,JPY,USD
2024-09-25 04:00:00,0.006946,0.006921,0.0069479,0.0069292,718,JPY,USD
2024-09-25 00:00:00,0.006977,0.006947,0.0069827,0.0069495,718,JPY,USD
2024-09-24 20:00:00,0.0069949,0.006967,0.006996,0.0069775,716,JPY,USD
2024-09-24 16:00:00,0.0069808,0.0069747,0.0069948,0.006994,663,JPY,USD
2024-09-24 12:00:00,0.0069543,0.006952,0.0069812,0.0069812,720,JPY,USD
2024-09-24 08:00:00,0.006944,0.006933,0.0069699,0.006954,712,JPY,USD
2024-09-24 04:00:00,0.0069221,0.006912,0.0069513,0.0069448,719,JPY,USD
2024-09-24 00:00:00,0.0069542,0.00691,0.0069554,0.0069218,718,JPY,USD
2024-09-23 20:00:00,0.0069626,0.0069478,0.006972,0.0069549,718,JPY,USD
2024-09-23 16:00:00,0.0069673,0.006953,0.0069677,0.0069601,649,JPY,USD
2024-09-23 12:00:00,0.006966,0.006961,0.0069793,0.0069681,718,JPY,USD
2024-09-23 08:00:00,0.0069635,0.006926,0.0069696,0.0069633,715,JPY,USD
2024-09-23 04:00:00,0.0069616,0.006955,0.0069835,0.006962,718,JPY,USD
2024-09-23 00:00:00,0.0069273,0.006926,0.0069651,0.0069596,711,JPY,USD
2024-09-22 20:00:00,0.006937,0.006921,0.00694,0.0069276,645,JPY,USD
2024-09-20 16:00:00,0.006946,0.0069356,0.0069478,0.006947,202,JPY,USD
2024-09-20 12:00:00,0.0069492,0.006937,0.00696,0.0069471,718,JPY,USD
2024-09-20 08:00:00,0.0069327,0.006919,0.0069682,0.006947,710,JPY,USD
2024-09-20 04:00:00,0.0069593,0.006922,0.0069669,0.006932,719,JPY,USD
2024-09-20 00:00:00,0.007027,0.00696,0.007053,0.00696,719,JPY,USD
2024-09-19 20:00:00,0.006998,0.0069969,0.0070392,0.007025,719,JPY,USD
2024-09-19 16:00:00,0.007009,0.006994,0.0070151,0.0069981,657,JPY,USD
2024-09-19 12:00:00,0.006996,0.006985,0.0070145,0.0070102,719,JPY,USD
2024-09-19 08:00:00,0.006995,0.006954,0.0070053,0.0069978,695,JPY,USD
2024-09-19 04:00:00,0.007015,0.0069799,0.007018,0.0069946,719,JPY,USD
2024-09-19 00:00:00,0.006983,0.006976,0.0070385,0.0070163,719,JPY,USD
2024-10-18 16:00:00,0.67026,0.67016,0.67057,0.67016,2160,AUD,USD
2024-10-18 12:00:00,0.66988,0.66976,0.67103,0.67026,26886,AUD,USD
2024-10-18 08:00:00,0.67115,0.66979,0.67191,0.66988,36620,AUD,USD
2024-10-18 04:00:00,0.67136,0.67063,0.67167,0.67115,25353,AUD,USD
2024-10-18 00:00:00,0.67043,0.66977,0.67177,0.67136,36675,AUD,USD
2024-10-17 20:00:00,0.6699,0.66937,0.67179,0.67043,39518,AUD,USD
2024-10-17 16:00:00,0.66947,0.66929,0.67012,0.6699,7322,AUD,USD
2024-10-17 12:00:00,0.67011,0.66923,0.67025,0.66947,26036,AUD,USD
2024-10-17 08:00:00,0.66958,0.66777,0.67091,0.67011,65815,AUD,USD
2024-10-17 04:00:00,0.66772,0.66749,0.67012,0.66958,27274,AUD,USD
2024-10-17 00:00:00,0.66862,0.66717,0.66949,0.66772,33465,AUD,USD
2024-10-16 20:00:00,0.66643,0.66635,0.67101,0.66862,48222,AUD,USD
2024-10-16 16:00:00,0.6665,0.66586,0.66674,0.66643,7581,AUD,USD
2024-10-16 12:00:00,0.66615,0.66595,0.66674,0.6665,20789,AUD,USD
2024-10-16 08:00:00,0.6685,0.66579,0.66899,0.66615,44553,AUD,USD
2024-10-16 04:00:00,0.66905,0.66799,0.6693,0.6685,28921,AUD,USD
2024-10-16 00:00:00,0.66924,0.66832,0.66988,0.66905,35859,AUD,USD
2024-10-15 20:00:00,0.66772,0.66676,0.67006,0.66924,49735,AUD,USD
2024-10-15 16:00:00,0.67001,0.66729,0.67041,0.66772,12518,AUD,USD
2024-10-15 12:00:00,0.67074,0.66991,0.67114,0.67001,31810,AUD,USD
2024-10-15 08:00:00,0.67148,0.67016,0.67257,0.67074,55706,AUD,USD
2024-10-15 04:00:00,0.67073,0.67035,0.67176,0.67148,31200,AUD,USD
2024-10-15 00:00:00,0.67169,0.67017,0.67171,0.67073,36629,AUD,USD
2024-10-14 20:00:00,0.67246,0.67155,0.67323,0.67169,33637,AUD,USD
2024-10-14 16:00:00,0.6722,0.67172,0.67272,0.67246,7539,AUD,USD
2024-10-14 12:00:00,0.67228,0.67119,0.67247,0.6722,24314,AUD,USD
2024-10-14 08:00:00,0.67161,0.67018,0.67372,0.67228,48695,AUD,USD
2024-10-14 04:00:00,0.67309,0.67134,0.67343,0.67161,24442,AUD,USD
2024-10-14 00:00:00,0.67387,0.67292,0.67434,0.67309,26619,AUD,USD
2024-10-13 20:00:00,0.673,0.67217,0.67446,0.67387,45849,AUD,USD
2024-10-11 16:00:00,0.67534,0.67334,0.67557,0.67475,2594,AUD,USD
2024-10-11 12:00:00,0.67545,0.675,0.67591,0.67533,17276,AUD,USD
2024-10-11 08:00:00,0.67303,0.6725,0.67586,0.67549,35998,AUD,USD
2024-10-11 04:00:00,0.6741,0.6722,0.67446,0.67303,22149,AUD,USD
2024-10-11 00:00:00,0.6747,0.6723,0.67477,0.67425,17006,AUD,USD
2024-10-10 20:00:00,0.67407,0.6735,0.67492,0.67478,18413,AUD,USD
2024-10-10 16:00:00,0.67374,0.67338,0.67436,0.67404,8884,AUD,USD
2024-10-10 12:00:00,0.67318,0.67111,0.6738,0.67374,40119,AUD,USD
2024-10-10 08:00:00,0.67166,0.66997,0.67393,0.67318,90679,AUD,USD
2024-10-10 04:00:00,0.67282,0.67125,0.67293,0.67166,25830,AUD,USD
2024-10-10 00:00:00,0.67322,0.6725,0.67419,0.67282,34534,AUD,USD
2024-10-09 20:00:00,0.67158,0.6713,0.67336,0.67322,49138,AUD,USD
2024-10-09 16:00:00,0.67134,0.67098,0.67201,0.67158,10382,AUD,USD
2024-10-09 12:00:00,0.67237,0.67107,0.67238,0.67134,28481,AUD,USD
2024-10-09 08:00:00,0.6728,0.67072,0.67311,0.67237,45069,AUD,USD
2024-10-09 04:00:00,0.67307,0.67242,0.67396,0.6728,32720,AUD,USD
2024-10-09 00:00:00,0.6729,0.67225,0.67616,0.67307,69864,AUD,USD
2024-10-08 20:00:00,0.6739,0.67252,0.67479,0.6729,62675,AUD,USD
2024-10-08 16:00:00,0.67483,0.67382,0.67483,0.6739,8691,AUD,USD
2024-10-08 12:00:00,0.6737,0.67282,0.67498,0.67483,39116,AUD,USD
2024-10-08 08:00:00,0.67406,0.67213,0.67445,0.6737,52984,AUD,USD
2024-10-08 04:00:00,0.67359,0.67205,0.67421,0.67406,37822,AUD,USD
2024-10-08 00:00:00,0.67324,0.67184,0.6742,0.67359,52907,AUD,USD
2024-10-07 20:00:00,0.67548,0.67149,0.67691,0.67324,81827,AUD,USD
2024-10-07 16:00:00,0.6755,0.67495,0.67603,0.67548,13344,AUD,USD
2024-10-07 12:00:00,0.6759,0.67429,0.67666,0.6755,37211,AUD,USD
2024-10-07 08:00:00,0.67931,0.67579,0.67982,0.6759,59396,AUD,USD
2024-10-07 04:00:00,0.67932,0.6777,0.67966,0.67931,35717,AUD,USD
2024-10-07 00:00:00,0.6807,0.67888,0.68099,0.67932,32745,AUD,USD
2024-10-06 20:00:00,0.6797,0.67934,0.68085,0.6807,47196,AUD,USD
2024-10-04 16:00:00,0.68,0.67896,0.68,0.67911,1546,AUD,USD
2024-10-04 12:00:00,0.67961,0.6782,0.68036,0.68001,24243,AUD,USD
2024-10-04 08:00:00,0.68409,0.67789,0.68431,0.6794,48058,AUD,USD
2024-10-04 04:00:00,0.68433,0.6833,0.68453,0.68408,22415,AUD,USD
2024-10-04 00:00:00,0.6847,0.6835,0.68499,0.68437,23027,AUD,USD
2024-10-03 20:00:00,0.68501,0.684,0.68522,0.68472,25388,AUD,USD
2024-10-03 16:00:00,0.68439,0.68356,0.68507,0.68498,8789,AUD,USD
2024-10-03 12:00:00,0.68418,0.68396,0.68545,0.68439,37810,AUD,USD
2024-10-03 08:00:00,0.68511,0.68298,0.68528,0.68418,85828,AUD,USD
2024-10-03 04:00:00,0.68635,0.68401,0.68638,0.68511,41375,AUD,USD
2024-10-03 00:00:00,0.6864,0.68548,0.68759,0.68635,43696,AUD,USD
2024-10-02 20:00:00,0.68839,0.68601,0.68857,0.6864,43402,AUD,USD
2024-10-02 16:00:00,0.6887,0.68798,0.68881,0.68839,12700,AUD,USD
2024-10-02 12:00:00,0.68943,0.68787,0.68982,0.6887,34273,AUD,USD
2024-10-02 08:00:00,0.6898,0.68777,0.69024,0.68943,64966,AUD,USD
2024-10-02 04:00:00,0.68955,0.6889,0.69043,0.6898,38975,AUD,USD
2024-10-02 00:00:00,0.69058,0.68751,0.69085,0.68955,48442,AUD,USD
2024-10-01 20:00:00,0.6879,0.68783,0.69153,0.69058,42393,AUD,USD
2024-10-01 16:00:00,0.68859,0.68779,0.68873,0.6879,9845,AUD,USD
2024-10-01 12:00:00,0.68851,0.6856,0.68987,0.68859,62387,AUD,USD
2024-10-01 08:00:00,0.69073,0.68707,0.69138,0.68853,103087,AUD,USD
2024-10-01 04:00:00,0.6907,0.6894,0.69148,0.69073,43039,AUD,USD
2024-10-01 00:00:00,0.69143,0.69011,0.6933,0.69068,42038,AUD,USD
2024-09-30 20:00:00,0.69148,0.69074,0.69342,0.69143,37649,AUD,USD
2024-09-30 16:00:00,0.6914,0.69071,0.69197,0.69148,9177,AUD,USD
2024-09-30 12:00:00,0.69312,0.68984,0.6942,0.6914,56610,AUD,USD
2024-09-30 08:00:00,0.69228,0.69183,0.69411,0.69312,57818,AUD,USD
2024-09-30 04:00:00,0.693,0.69145,0.69328,0.69228,36318,AUD,USD
2024-09-30 00:00:00,0.69289,0.69244,0.69411,0.693,36605,AUD,USD
2024-09-29 20:00:00,0.69181,0.69134,0.69365,0.69289,46309,AUD,USD
2024-09-27 16:00:00,0.69056,0.68973,0.69056,0.68979,2709,AUD,USD
2024-09-27 12:00:00,0.69108,0.6899,0.69141,0.69055,39614,AUD,USD
2024-09-27 08:00:00,0.68943,0.68933,0.69371,0.69108,69452,AUD,USD
2024-09-27 04:00:00,0.68815,0.68794,0.68976,0.68943,36649,AUD,USD
2024-09-27 00:00:00,0.68796,0.6868,0.68873,0.68815,53535,AUD,USD
2024-09-26 20:00:00,0.68924,0.68718,0.68945,0.68796,42860,AUD,USD
2024-09-26 16:00:00,0.6895,0.68808,0.68997,0.68924,10870,AUD,USD
2024-09-26 12:00:00,0.68997,0.68845,0.69025,0.68951,46263,AUD,USD
2024-09-26 08:00:00,0.68801,0.68625,0.69047,0.68997,88511,AUD,USD
2024-09-26 04:00:00,0.68591,0.68571,0.68874,0.68801,37939,AUD,USD
2024-09-26 00:00:00,0.68459,0.6841,0.68678,0.68591,34595,AUD,USD
2024-09-25 20:00:00,0.68188,0.68187,0.68467,0.68459,30526,AUD,USD
2024-09-25 16:00:00,0.68192,0.6818,0.68264,0.68188,8402,AUD,USD
2024-09-25 12:00:00,0.68365,0.68181,0.68374,0.68192,39690,AUD,USD
2024-09-25 08:00:00,0.6877,0.68346,0.68835,0.68365,60489,AUD,USD
2024-09-25 04:00:00,0.68803,0.68709,0.6886,0.6877,33560,AUD,USD
2024-09-25 00:00:00,0.68896,0.68728,0.68962,0.68803,38261,AUD,USD
2024-09-24 20:00:00,0.69056,0.68806,0.69081,0.68896,44926,AUD,USD
2024-09-24 16:00:00,0.68916,0.68885,0.6907,0.69056,11670,AUD,USD
2024-09-24 12:00:00,0.68721,0.68721,0.68918,0.68916,31861,AUD,USD
2024-09-24 08:00:00,0.68511,0.68511,0.68783,0.68721,61009,AUD,USD
2024-09-24 04:00:00,0.68241,0.68228,0.68512,0.68511,40490,AUD,USD
2024-09-24 00:00:00,0.68471,0.68144,0.68691,0.68241,52849,AUD,USD
2024-09-23 20:00:00,0.68332,0.68256,0.68552,0.68471,35875,AUD,USD
2024-09-23 16:00:00,0.68434,0.6829,0.68434,0.68332,11997,AUD,USD
2024-09-23 12:00:00,0.68471,0.68349,0.68496,0.68434,37992,AUD,USD
2024-09-23 08:00:00,0.68327,0.68241,0.68536,0.68471,60162,AUD,USD
2024-09-23 04:00:00,0.68065,0.68011,0.68341,0.68327,37495,AUD,USD
2024-09-23 00:00:00,0.68252,0.68001,0.68362,0.68065,32949,AUD,USD
2024-09-22 20:00:00,0.68098,0.68073,0.68314,0.68252,26660,AUD,USD
2024-09-20 16:00:00,0.68077,0.68025,0.68085,0.68039,3286,AUD,USD
2024-09-20 12:00:00,0.68054,0.68029,0.68197,0.68077,48334,AUD,USD
2024-09-20 08:00:00,0.681,0.67829,0.68231,0.68054,67560,AUD,USD
2024-09-20 04:00:00,0.68135,0.68024,0.6816,0.681,35434,AUD,USD
2024-09-20 00:00:00,0.68215,0.68079,0.68287,0.68135,40915,AUD,USD
2024-09-19 20:00:00,0.6809,0.68003,0.68274,0.68215,32506,AUD,USD
2024-09-19 16:00:00,0.68174,0.68076,0.68177,0.6809,9922,AUD,USD
2024-09-19 12:00:00,0.68139,0.68103,0.68241,0.68174,42194,AUD,USD
2024-09-19 08:00:00,0.68198,0.67862,0.68243,0.68139,77344,AUD,USD
2024-09-19 04:00:00,0.68178,0.68171,0.6839,0.68198,49237,AUD,USD
2024-09-19 00:00:00,0.67932,0.6787,0.68303,0.68178,45637,AUD,USD
2024-10-18 16:00:00,0.7238,0.7237,0.72439,0.7242,215,CAD,USD
2024-10-18 12:00:00,0.72434,0.7235,0.72483,0.72424,701,CAD,USD
2024-10-18 08:00:00,0.72519,0.7237,0.7252,0.72434,720,CAD,USD
2024-10-18 04:00:00,0.7247,0.7244,0.72533,0.72519,712,CAD,USD
2024-10-18 00:00:00,0.7246,0.7243,0.72519,0.72501,706,CAD,USD
2024-10-17 20:00:00,0.7244,0.7242,0.72531,0.7249,701,CAD,USD
2024-10-17 16:00:00,0.72458,0.7242,0.72487,0.72474,639,CAD,USD
2024-10-17 12:00:00,0.72503,0.7242,0.72524,0.72463,708,CAD,USD
2024-10-17 08:00:00,0.72582,0.7246,0.72607,0.72502,717,CAD,USD
2024-10-17 04:00:00,0.7251,0.725,0.72593,0.72583,709,CAD,USD
2024-10-17 00:00:00,0.7262,0.725,0.72664,0.72546,705,CAD,USD
2024-10-16 20:00:00,0.72692,0.7261,0.72735,0.72653,705,CAD,USD
2024-10-16 16:00:00,0.72718,0.7264,0.7272,0.72686,635,CAD,USD
2024-10-16 12:00:00,0.7257,0.7256,0.72721,0.7272,700,CAD,USD
2024-10-16 08:00:00,0.7252,0.725,0.72626,0.72603,712,CAD,USD
2024-10-16 04:00:00,0.7251,0.7246,0.72559,0.72553,707,CAD,USD
2024-10-16 00:00:00,0.72583,0.725,0.72594,0.72553,699,CAD,USD
2024-10-15 20:00:00,0.72556,0.7248,0.72602,0.72584,710,CAD,USD
2024-10-15 16:00:00,0.7251,0.725,0.72614,0.72559,657,CAD,USD
2024-10-15 12:00:00,0.7241,0.7237,0.72538,0.72536,715,CAD,USD
2024-10-15 08:00:00,0.72371,0.7222,0.72473,0.72442,713,CAD,USD
2024-10-15 04:00:00,0.72405,0.7233,0.7244,0.72366,708,CAD,USD
2024-10-15 00:00:00,0.72434,0.7234,0.72438,0.72407,708,CAD,USD
2024-10-14 20:00:00,0.7241,0.724,0.7248,0.72437,704,CAD,USD
2024-10-14 16:00:00,0.7245,0.7241,0.72506,0.7241,605,CAD,USD
2024-10-14 12:00:00,0.72479,0.724,0.72496,0.72481,695,CAD,USD
2024-10-14 08:00:00,0.72518,0.7242,0.72557,0.72479,711,CAD,USD
2024-10-14 04:00:00,0.72556,0.7243,0.72565,0.7252,707,CAD,USD
2024-10-14 00:00:00,0.7255,0.7252,0.72608,0.72558,686,CAD,USD
2024-10-13 20:00:00,0.7252,0.7248,0.72603,0.72585,712,CAD,USD
2024-10-11 16:00:00,0.7266,0.7261,0.72676,0.7261,1158,CAD,USD
2024-10-11 12:00:00,0.72627,0.7261,0.72696,0.72662,7190,CAD,USD
2024-10-11 08:00:00,0.726,0.7253,0.72855,0.72628,11442,CAD,USD
2024-10-11 04:00:00,0.72687,0.72558,0.72711,0.72595,6678,CAD,USD
2024-10-11 00:00:00,0.72703,0.7261,0.72717,0.72688,5545,CAD,USD
2024-10-10 20:00:00,0.72745,0.7266,0.72755,0.72702,5424,CAD,USD
2024-10-10 16:00:00,0.72763,0.7271,0.72779,0.72743,594,CAD,USD
2024-10-10 12:00:00,0.72708,0.7256,0.72768,0.7273,705,CAD,USD
2024-10-10 08:00:00,0.72703,0.726,0.72803,0.7267,714,CAD,USD
2024-10-10 04:00:00,0.72829,0.7267,0.72833,0.72709,706,CAD,USD
2024-10-10 00:00:00,0.72955,0.728,0.72961,0.72833,704,CAD,USD
2024-10-09 20:00:00,0.72929,0.7287,0.7296,0.72953,710,CAD,USD
2024-10-09 16:00:00,0.72924,0.7286,0.72942,0.729,666,CAD,USD
2024-10-09 12:00:00,0.73051,0.7286,0.73074,0.7289,707,CAD,USD
2024-10-09 08:00:00,0.73104,0.7298,0.7313,0.73067,715,CAD,USD
2024-10-09 04:00:00,0.73148,0.7306,0.73174,0.73101,707,CAD,USD
2024-10-09 00:00:00,0.7319,0.7311,0.73263,0.73149,709,CAD,USD
2024-10-08 20:00:00,0.73226,0.7315,0.73252,0.73189,703,CAD,USD
2024-10-08 16:00:00,0.73262,0.7319,0.73289,0.7319,609,CAD,USD
2024-10-08 12:00:00,0.73186,0.7312,0.73273,0.73266,708,CAD,USD
2024-10-08 08:00:00,0.73323,0.7309,0.73329,0.7315,714,CAD,USD
2024-10-08 04:00:00,0.73317,0.7323,0.7333,0.73313,710,CAD,USD
2024-10-08 00:00:00,0.73396,0.7323,0.73425,0.73312,716,CAD,USD
2024-10-07 20:00:00,0.73409,0.7331,0.73462,0.7336,706,CAD,USD
2024-10-07 16:00:00,0.73394,0.7335,0.7343,0.73411,663,CAD,USD
2024-10-07 12:00:00,0.73481,0.7328,0.73504,0.73393,706,CAD,USD
2024-10-07 08:00:00,0.73624,0.7339,0.73633,0.7348,718,CAD,USD
2024-10-07 04:00:00,0.73583,0.735,0.73638,0.73621,717,CAD,USD
2024-10-07 00:00:00,0.73637,0.7354,0.73641,0.7354,699,CAD,USD
2024-10-06 20:00:00,0.73626,0.7358,0.73671,0.73638,706,CAD,USD
2024-10-04 16:00:00,0.7364,0.7361,0.73675,0.7362,214,CAD,USD
2024-10-04 12:00:00,0.73643,0.7359,0.7368,0.73674,10634,CAD,USD
2024-10-04 08:00:00,0.73773,0.7357,0.73778,0.73641,17386,CAD,USD
2024-10-04 04:00:00,0.73746,0.737,0.73792,0.73774,9657,CAD,USD
2024-10-04 00:00:00,0.73762,0.7369,0.73793,0.73747,9530,CAD,USD
2024-10-03 20:00:00,0.73804,0.7374,0.73826,0.73763,9859,CAD,USD
2024-10-03 16:00:00,0.7372,0.7371,0.73803,0.73803,646,CAD,USD
2024-10-03 12:00:00,0.7385,0.7372,0.73928,0.73755,711,CAD,USD
2024-10-03 08:00:00,0.7386,0.7376,0.73969,0.73885,693,CAD,USD
2024-10-03 04:00:00,0.7391,0.7382,0.73964,0.73897,715,CAD,USD
2024-10-03 00:00:00,0.7392,0.7387,0.74028,0.73938,707,CAD,USD
2024-10-02 20:00:00,0.74021,0.7391,0.7403,0.73952,691,CAD,USD
2024-10-02 16:00:00,0.74085,0.7399,0.74089,0.7399,639,CAD,USD
2024-10-02 12:00:00,0.74156,0.7398,0.74166,0.7405,709,CAD,USD
2024-10-02 08:00:00,0.74145,0.7406,0.74216,0.7413,711,CAD,USD
2024-10-02 04:00:00,0.74168,0.7408,0.742,0.7411,713,CAD,USD
2024-10-02 00:00:00,0.74177,0.7408,0.74193,0.7413,714,CAD,USD
2024-10-01 20:00:00,0.74096,0.7407,0.74199,0.7414,709,CAD,USD
2024-10-01 16:00:00,0.74112,0.7403,0.74127,0.7406,619,CAD,USD
2024-10-01 12:00:00,0.74111,0.7392,0.74171,0.7408,707,CAD,USD
2024-10-01 08:00:00,0.73941,0.7388,0.74132,0.7408,694,CAD,USD
2024-10-01 04:00:00,0.73912,0.7382,0.73952,0.7391,711,CAD,USD
2024-10-01 00:00:00,0.73908,0.7384,0.7398,0.7387,688,CAD,USD
2024-09-30 20:00:00,0.73922,0.7385,0.73959,0.7388,709,CAD,USD
2024-09-30 16:00:00,0.7391,0.7388,0.73942,0.7389,626,CAD,USD
2024-09-30 12:00:00,0.73989,0.7383,0.74049,0.7394,715,CAD,USD
2024-09-30 08:00:00,0.73966,0.7392,0.74124,0.7395,716,CAD,USD
2024-09-30 04:00:00,0.73986,0.7388,0.73995,0.7393,711,CAD,USD
2024-09-30 00:00:00,0.74005,0.7395,0.74064,0.7395,704,CAD,USD
2024-09-29 20:00:00,0.74014,0.7393,0.7405,0.7397,705,CAD,USD
2024-09-27 16:00:00,0.73975,0.7393,0.74002,0.7395,227,CAD,USD
2024-09-27 12:00:00,0.7401,0.7389,0.74046,0.73975,711,CAD,USD
2024-09-27 08:00:00,0.742,0.7401,0.74262,0.74047,717,CAD,USD
2024-09-27 04:00:00,0.74115,0.7407,0.74224,0.74202,713,CAD,USD
2024-09-27 00:00:00,0.7414,0.7406,0.74163,0.74113,701,CAD,USD
2024-09-26 20:00:00,0.7417,0.7408,0.74197,0.74139,712,CAD,USD
2024-09-26 16:00:00,0.74229,0.7415,0.74253,0.74195,645,CAD,USD
2024-09-26 12:00:00,0.74254,0.7413,0.74254,0.74226,713,CAD,USD
2024-09-26 08:00:00,0.74233,0.7409,0.74285,0.74254,698,CAD,USD
2024-09-26 04:00:00,0.74208,0.7416,0.74299,0.74234,711,CAD,USD
2024-09-26 00:00:00,0.7419,0.7416,0.74271,0.74211,711,CAD,USD
2024-09-25 20:00:00,0.74152,0.7412,0.74257,0.74231,709,CAD,USD
2024-09-25 16:00:00,0.74154,0.7411,0.7417,0.74157,657,CAD,USD
2024-09-25 12:00:00,0.74247,0.7412,0.74277,0.7415,711,CAD,USD
2024-09-25 08:00:00,0.74399,0.7421,0.74437,0.7425,713,CAD,USD
2024-09-25 04:00:00,0.7443,0.7435,0.74485,0.74396,704,CAD,USD
2024-09-25 00:00:00,0.7443,0.7437,0.74469,0.74464,699,CAD,USD
2024-09-24 20:00:00,0.745,0.7441,0.74506,0.74464,711,CAD,USD
2024-09-24 16:00:00,0.74426,0.7435,0.74501,0.74501,604,CAD,USD
2024-09-24 12:00:00,0.7423,0.7419,0.74425,0.74421,705,CAD,USD
2024-09-24 08:00:00,0.74,0.7399,0.74259,0.74231,705,CAD,USD
2024-09-24 04:00:00,0.73957,0.7392,0.74032,0.74024,716,CAD,USD
2024-09-24 00:00:00,0.73966,0.7387,0.74013,0.73963,706,CAD,USD
2024-09-23 20:00:00,0.73903,0.7386,0.73983,0.73967,701,CAD,USD
2024-09-23 16:00:00,0.7403,0.738,0.7403,0.73903,657,CAD,USD
2024-09-23 12:00:00,0.7402,0.7398,0.74138,0.74025,710,CAD,USD
2024-09-23 08:00:00,0.7381,0.7374,0.74123,0.74054,708,CAD,USD
2024-09-23 04:00:00,0.73632,0.7359,0.7382,0.73804,708,CAD,USD
2024-09-23 00:00:00,0.73719,0.7359,0.73767,0.73629,698,CAD,USD
2024-09-22 20:00:00,0.7367,0.7366,0.73758,0.7369,633,CAD,USD
2024-09-20 16:00:00,0.7369,0.7363,0.73719,0.7365,215,CAD,USD
2024-09-20 12:00:00,0.73707,0.7366,0.73791,0.7372,711,CAD,USD
2024-09-20 08:00:00,0.73692,0.7355,0.73835,0.7368,711,CAD,USD
2024-09-20 04:00:00,0.73684,0.7362,0.73717,0.7365,707,CAD,USD
2024-09-20 00:00:00,0.73748,0.7363,0.73767,0.7365,696,CAD,USD
2024-09-19 20:00:00,0.7369,0.7366,0.73769,0.7371,708,CAD,USD
2024-09-19 16:00:00,0.7372,0.7369,0.73758,0.73723,599,CAD,USD
2024-09-19 12:00:00,0.737,0.7368,0.73809,0.73757,707,CAD,USD
2024-09-19 08:00:00,0.7373,0.7349,0.73838,0.73732,687,CAD,USD
2024-09-19 04:00:00,0.7371,0.737,0.73886,0.7376,717,CAD,USD
2024-09-19 00:00:00,0.7349,0.7347,0.73766,0.73745,712,CAD,USD
2024-10-18 16:00:00,1.1553,1.1553,1.15626,1.1559,157,CHF,USD
2024-10-18 12:00:00,1.1546,1.1544,1.15593,1.15567,578,CHF,USD
2024-10-18 08:00:00,1.15401,1.1532,1.15591,1.1547,598,CHF,USD
2024-10-18 04:00:00,1.1535,1.1535,1.15474,1.15396,589,CHF,USD
2024-10-18 00:00:00,1.1547,1.1533,1.15541,1.1537,574,CHF,USD
2024-10-17 20:00:00,1.1542,1.1539,1.15499,1.15494,587,CHF,USD
2024-10-17 16:00:00,1.15413,1.15251,1.1546,1.15432,489,CHF,USD
2024-10-17 12:00:00,1.15526,1.1533,1.15526,1.15419,593,CHF,USD
2024-10-17 08:00:00,1.15823,1.15436,1.15855,1.15539,600,CHF,USD
2024-10-17 04:00:00,1.15548,1.1551,1.15828,1.15828,592,CHF,USD
2024-10-17 00:00:00,1.1543,1.1531,1.15578,1.15555,575,CHF,USD
2024-10-16 20:00:00,1.1553,1.1541,1.15535,1.15441,568,CHF,USD
2024-10-16 16:00:00,1.15524,1.15423,1.1559,1.15519,518,CHF,USD
2024-10-16 12:00:00,1.15702,1.1547,1.15718,1.15518,592,CHF,USD
2024-10-16 08:00:00,1.15973,1.1551,1.15976,1.15698,594,CHF,USD
2024-10-16 04:00:00,1.15905,1.1586,1.16069,1.15963,597,CHF,USD
2024-10-16 00:00:00,1.15982,1.1584,1.16026,1.15911,579,CHF,USD
2024-10-15 20:00:00,1.1588,1.1588,1.16027,1.15981,585,CHF,USD
2024-10-15 16:00:00,1.15937,1.15709,1.15986,1.15895,526,CHF,USD
2024-10-15 12:00:00,1.15959,1.1575,1.15999,1.15924,592,CHF,USD
2024-10-15 08:00:00,1.15945,1.1591,1.16162,1.15963,598,CHF,USD
2024-10-15 04:00:00,1.15958,1.1591,1.16161,1.15941,598,CHF,USD
2024-10-15 00:00:00,1.15793,1.1575,1.16022,1.1591,581,CHF,USD
2024-10-14 20:00:00,1.15932,1.1579,1.16061,1.158,582,CHF,USD
2024-10-14 16:00:00,1.15896,1.15651,1.15969,1.15936,528,CHF,USD
2024-10-14 12:00:00,1.15765,1.1571,1.15912,1.15909,580,CHF,USD
2024-10-14 08:00:00,1.16,1.1569,1.16013,1.15764,598,CHF,USD
2024-10-14 04:00:00,1.16343,1.1586,1.16362,1.16026,598,CHF,USD
2024-10-14 00:00:00,1.16476,1.1621,1.16519,1.16332,550,CHF,USD
2024-10-13 20:00:00,1.1649,1.1643,1.16519,1.1648,548,CHF,USD
2024-10-11 16:00:00,1.16622,1.1655,1.16634,1.1657,152,CHF,USD
2024-10-11 12:00:00,1.16618,1.16555,1.16805,1.16652,40349,CHF,USD
2024-10-11 08:00:00,1.16588,1.16429,1.16778,1.16613,61152,CHF,USD
2024-10-11 04:00:00,1.16729,1.16471,1.16848,1.16596,49194,CHF,USD
2024-10-11 00:00:00,1.16665,1.16504,1.16767,1.16731,39505,CHF,USD
2024-10-10 20:00:00,1.16733,1.16566,1.16786,1.16701,24203,CHF,USD
2024-10-10 16:00:00,1.16743,1.16429,1.16787,1.1671,503,CHF,USD
2024-10-10 12:00:00,1.16622,1.16454,1.16756,1.16733,596,CHF,USD
2024-10-10 08:00:00,1.16354,1.16308,1.16797,1.16611,598,CHF,USD
2024-10-10 04:00:00,1.16246,1.1608,1.16477,1.16349,598,CHF,USD
2024-10-10 00:00:00,1.16197,1.1611,1.1639,1.16265,569,CHF,USD
2024-10-09 20:00:00,1.16178,1.1615,1.16239,1.16194,549,CHF,USD
2024-10-09 16:00:00,1.16174,1.15969,1.1619,1.16186,497,CHF,USD
2024-10-09 12:00:00,1.16298,1.1611,1.16316,1.16173,596,CHF,USD
2024-10-09 08:00:00,1.16537,1.1626,1.16608,1.1632,600,CHF,USD
2024-10-09 04:00:00,1.16641,1.1651,1.16723,1.16531,594,CHF,USD
2024-10-09 00:00:00,1.16556,1.1649,1.16698,1.16654,587,CHF,USD
2024-10-08 20:00:00,1.16598,1.16515,1.16659,1.16556,581,CHF,USD
2024-10-08 16:00:00,1.16563,1.16395,1.1666,1.16597,504,CHF,USD
2024-10-08 12:00:00,1.16584,1.1648,1.16676,1.16561,589,CHF,USD
2024-10-08 08:00:00,1.16731,1.1646,1.16791,1.1658,597,CHF,USD
2024-10-08 04:00:00,1.17117,1.1667,1.17138,1.16729,592,CHF,USD
2024-10-08 00:00:00,1.17083,1.1703,1.17206,1.17111,591,CHF,USD
2024-10-07 20:00:00,1.16978,1.1695,1.17194,1.17084,580,CHF,USD
2024-10-07 16:00:00,1.17062,1.16522,1.17179,1.16988,547,CHF,USD
2024-10-07 12:00:00,1.16902,1.1687,1.17119,1.17054,594,CHF,USD
2024-10-07 08:00:00,1.16914,1.1673,1.17146,1.16871,600,CHF,USD
2024-10-07 04:00:00,1.16589,1.1644,1.16939,1.16921,598,CHF,USD
2024-10-07 00:00:00,1.1655,1.1637,1.16608,1.16583,574,CHF,USD
2024-10-06 20:00:00,1.16431,1.164,1.16621,1.16576,574,CHF,USD
2024-10-04 16:00:00,1.16477,1.13336,1.16558,1.165,7161,CHF,USD
2024-10-04 12:00:00,1.16418,1.16235,1.1651,1.1647,52218,CHF,USD
2024-10-04 08:00:00,1.17429,1.16123,1.17468,1.16421,74456,CHF,USD
2024-10-04 04:00:00,1.1737,1.17218,1.17511,1.17433,50909,CHF,USD
2024-10-04 00:00:00,1.17421,1.1726,1.17662,1.17357,49279,CHF,USD
2024-10-03 20:00:00,1.17387,1.17293,1.17446,1.17398,27462,CHF,USD
2024-10-03 16:00:00,1.1722,1.16939,1.17388,1.17371,504,CHF,USD
2024-10-03 12:00:00,1.1705,1.1703,1.17358,1.17253,595,CHF,USD
2024-10-03 08:00:00,1.1762,1.1705,1.17657,1.1707,567,CHF,USD
2024-10-03 04:00:00,1.1732,1.1731,1.17732,1.17643,597,CHF,USD
2024-10-03 00:00:00,1.1761,1.1711,1.177,1.17348,591,CHF,USD
2024-10-02 20:00:00,1.17627,1.1746,1.17642,1.17635,547,CHF,USD
2024-10-02 16:00:00,1.17746,1.17429,1.17754,1.1761,511,CHF,USD
2024-10-02 12:00:00,1.17692,1.1761,1.17758,1.1772,593,CHF,USD
2024-10-02 08:00:00,1.17947,1.1751,1.17955,1.1766,596,CHF,USD
2024-10-02 04:00:00,1.18244,1.1777,1.18324,1.179,599,CHF,USD
2024-10-02 00:00:00,1.18086,1.1808,1.18324,1.182,591,CHF,USD
2024-10-01 20:00:00,1.18146,1.1804,1.1825,1.1807,563,CHF,USD
2024-10-01 16:00:00,1.18162,1.17832,1.1819,1.1813,507,CHF,USD
2024-10-01 12:00:00,1.18247,1.1789,1.18247,1.1814,594,CHF,USD
2024-10-01 08:00:00,1.18048,1.1786,1.18575,1.1819,582,CHF,USD
2024-10-01 04:00:00,1.1794,1.1788,1.18237,1.1803,598,CHF,USD
2024-10-01 00:00:00,1.18124,1.179,1.1826,1.1792,561,CHF,USD
2024-09-30 20:00:00,1.1824,1.1807,1.18358,1.1811,572,CHF,USD
2024-09-30 16:00:00,1.1812,1.17868,1.18451,1.1825,552,CHF,USD
2024-09-30 12:00:00,1.18408,1.1798,1.18498,1.1814,596,CHF,USD
2024-09-30 08:00:00,1.1865,1.1822,1.18654,1.1837,599,CHF,USD
2024-09-30 04:00:00,1.18658,1.1834,1.18719,1.1863,597,CHF,USD
2024-09-30 00:00:00,1.18748,1.18579,1.18928,1.1863,589,CHF,USD
2024-09-29 20:00:00,1.18802,1.187,1.1892,1.1872,574,CHF,USD
2024-09-27 16:00:00,1.1893,1.18881,1.18995,1.1894,150,CHF,USD
2024-09-27 12:00:00,1.1871,1.1861,1.18973,1.18911,593,CHF,USD
2024-09-27 08:00:00,1.18429,1.18363,1.18929,1.18677,594,CHF,USD
2024-09-27 04:00:00,1.18201,1.18128,1.18541,1.18412,597,CHF,USD
2024-09-27 00:00:00,1.18024,1.1773,1.18383,1.18192,592,CHF,USD
2024-09-26 20:00:00,1.18131,1.179,1.18151,1.18021,583,CHF,USD
2024-09-26 16:00:00,1.18236,1.17972,1.18236,1.18133,496,CHF,USD
2024-09-26 12:00:00,1.18107,1.1799,1.1828,1.18237,595,CHF,USD
2024-09-26 08:00:00,1.18019,1.1753,1.18175,1.18139,585,CHF,USD
2024-09-26 04:00:00,1.17814,1.17569,1.18061,1.18011,598,CHF,USD
2024-09-26 00:00:00,1.17609,1.17329,1.17955,1.17853,586,CHF,USD
2024-09-25 20:00:00,1.17519,1.1748,1.1766,1.17612,566,CHF,USD
2024-09-25 16:00:00,1.17583,1.17395,1.1768,1.17519,505,CHF,USD
2024-09-25 12:00:00,1.17693,1.1756,1.17751,1.17577,594,CHF,USD
2024-09-25 08:00:00,1.17844,1.1766,1.18099,1.17697,598,CHF,USD
2024-09-25 04:00:00,1.1839,1.1765,1.1839,1.17843,598,CHF,USD
2024-09-25 00:00:00,1.18751,1.1835,1.18809,1.1839,577,CHF,USD
2024-09-24 20:00:00,1.18794,1.1863,1.18802,1.18754,566,CHF,USD
2024-09-24 16:00:00,1.18579,1.18174,1.18798,1.18791,505,CHF,USD
2024-09-24 12:00:00,1.18195,1.1816,1.18591,1.18577,597,CHF,USD
2024-09-24 08:00:00,1.17897,1.1782,1.18325,1.18187,591,CHF,USD
2024-09-24 04:00:00,1.17919,1.1779,1.17986,1.17889,594,CHF,USD
2024-09-24 00:00:00,1.18018,1.1775,1.18053,1.17914,591,CHF,USD
2024-09-23 20:00:00,1.17993,1.1796,1.18114,1.18031,571,CHF,USD
2024-09-23 16:00:00,1.18049,1.17711,1.18063,1.17982,494,CHF,USD
2024-09-23 12:00:00,1.1799,1.1792,1.18223,1.18049,593,CHF,USD
2024-09-23 08:00:00,1.17682,1.175,1.17993,1.17982,595,CHF,USD
2024-09-23 04:00:00,1.17426,1.1738,1.17826,1.17663,598,CHF,USD
2024-09-23 00:00:00,1.17501,1.1738,1.17634,1.17422,559,CHF,USD
2024-09-22 20:00:00,1.1749,1.1741,1.17515,1.17505,504,CHF,USD
2024-09-20 16:00:00,1.1753,1.175,1.1759,1.1755,143,CHF,USD
2024-09-20 12:00:00,1.17686,1.1742,1.17842,1.17537,594,CHF,USD
2024-09-20 08:00:00,1.17657,1.1738,1.17975,1.1765,593,CHF,USD
2024-09-20 04:00:00,1.17923,1.1761,1.18028,1.1762,595,CHF,USD
2024-09-20 00:00:00,1.18145,1.1789,1.1829,1.179,590,CHF,USD
2024-09-19 20:00:00,1.1791,1.179,1.18158,1.1814,590,CHF,USD
2024-09-19 16:00:00,1.1796,1.1779,1.18053,1.17918,524,CHF,USD
2024-09-19 12:00:00,1.179,1.1783,1.18148,1.17985,597,CHF,USD
2024-09-19 08:00:00,1.1796,1.1752,1.17992,1.17922,573,CHF,USD
2024-09-19 04:00:00,1.1815,1.1789,1.18284,1.17992,595,CHF,USD
2024-09-19 00:00:00,1.1781,1.1774,1.18335,1.18176,589,CHF,USD
2024-10-18 16:00:00,0.14078,0.14078,0.14078,0.14078,4,CNY,USD
2024-10-18 12:00:00,0.14078,0.14077,0.14079,0.14077,20,CNY,USD
2024-10-18 08:00:00,0.14073,0.14072,0.14081,0.14079,47,CNY,USD
2024-10-18 04:00:00,0.14064,0.14063,0.14074,0.14073,48,CNY,USD
2024-10-18 00:00:00,0.14042,0.14042,0.14073,0.14064,48,CNY,USD
2024-10-17 20:00:00,0.14034,0.14032,0.14048,0.14042,30,CNY,USD
2024-10-17 16:00:00,0.14034,0.14034,0.14034,0.14034,6,CNY,USD
2024-10-17 12:00:00,0.14034,0.14033,0.14034,0.14034,21,CNY,USD
2024-10-17 08:00:00,0.14039,0.14034,0.14039,0.14036,47,CNY,USD
2024-10-17 04:00:00,0.14027,0.14027,0.14039,0.14039,48,CNY,USD
2024-10-17 00:00:00,0.14033,0.14027,0.14042,0.14028,48,CNY,USD
2024-10-16 20:00:00,0.1404,0.14033,0.14048,0.14033,30,CNY,USD
2024-10-16 16:00:00,0.14043,0.14043,0.14043,0.14043,7,CNY,USD
2024-10-16 12:00:00,0.14043,0.14043,0.14043,0.14043,22,CNY,USD
2024-10-16 08:00:00,0.14055,0.14042,0.14056,0.14043,48,CNY,USD
2024-10-16 04:00:00,0.14045,0.14044,0.14057,0.14055,48,CNY,USD
2024-10-16 00:00:00,0.14054,0.14041,0.14054,0.14046,48,CNY,USD
2024-10-15 20:00:00,0.14042,0.14034,0.14054,0.14053,36,CNY,USD
2024-10-15 16:00:00,0.14042,0.14042,0.14042,0.14042,13,CNY,USD
2024-10-15 12:00:00,0.14042,0.14042,0.14043,0.14042,32,CNY,USD
2024-10-15 08:00:00,0.14049,0.14042,0.14055,0.14042,48,CNY,USD
2024-10-15 04:00:00,0.14042,0.14042,0.14058,0.14049,48,CNY,USD
2024-10-15 00:00:00,0.14057,0.1404,0.14057,0.14042,48,CNY,USD
2024-10-14 20:00:00,0.14106,0.1406,0.14106,0.1406,40,CNY,USD
2024-10-14 16:00:00,0.14106,0.14106,0.14106,0.14106,21,CNY,USD
2024-10-14 12:00:00,0.14106,0.14106,0.14106,0.14106,25,CNY,USD
2024-10-14 08:00:00,0.14112,0.14102,0.14116,0.14106,48,CNY,USD
2024-10-14 04:00:00,0.14119,0.14112,0.14122,0.14112,48,CNY,USD
2024-10-14 00:00:00,0.14131,0.14118,0.14131,0.14118,48,CNY,USD
2024-10-13 20:00:00,0.14148,0.14122,0.14148,0.14132,45,CNY,USD
2024-10-11 16:00:00,0.14107,0.14107,0.14147,0.14147,13,CNY,USD
2024-10-11 12:00:00,0.14147,0.14147,0.14147,0.14147,28,CNY,USD
2024-10-11 08:00:00,0.14145,0.14145,0.14154,0.14149,48,CNY,USD
2024-10-11 04:00:00,0.14145,0.1414,0.14147,0.14145,48,CNY,USD
2024-10-11 00:00:00,0.14137,0.14126,0.14147,0.14147,48,CNY,USD
2024-10-10 20:00:00,0.14122,0.14117,0.14145,0.14137,36,CNY,USD
2024-10-10 16:00:00,0.14122,0.14119,0.14122,0.14119,20,CNY,USD
2024-10-10 12:00:00,0.14119,0.14119,0.14122,0.14122,15,CNY,USD
2024-10-10 08:00:00,0.14125,0.14119,0.14133,0.14119,48,CNY,USD
2024-10-10 04:00:00,0.14135,0.1412,0.14135,0.14125,48,CNY,USD
2024-10-10 00:00:00,0.14149,0.14133,0.14151,0.14135,48,CNY,USD
2024-10-09 20:00:00,0.1412,0.14119,0.14153,0.14149,38,CNY,USD
2024-10-09 16:00:00,0.1412,0.1412,0.1412,0.1412,5,CNY,USD
2024-10-09 12:00:00,0.14117,0.14116,0.1412,0.1412,39,CNY,USD
2024-10-09 08:00:00,0.14147,0.14118,0.14147,0.14119,48,CNY,USD
2024-10-09 04:00:00,0.14152,0.14138,0.14152,0.14146,48,CNY,USD
2024-10-09 00:00:00,0.14149,0.14146,0.14168,0.14153,48,CNY,USD
2024-10-08 20:00:00,0.14161,0.14144,0.14161,0.14149,37,CNY,USD
2024-10-08 16:00:00,0.1417,0.14161,0.1417,0.14161,14,CNY,USD
2024-10-08 12:00:00,0.14161,0.14161,0.1417,0.14161,25,CNY,USD
2024-10-08 08:00:00,0.14175,0.14161,0.14176,0.14161,48,CNY,USD
2024-10-08 04:00:00,0.14182,0.14164,0.14182,0.14176,48,CNY,USD
2024-10-08 00:00:00,0.14152,0.14145,0.14177,0.14176,48,CNY,USD
2024-10-07 20:00:00,0.14246,0.14117,0.14246,0.14149,42,CNY,USD
2024-10-07 16:00:00,0.14246,0.14246,0.14246,0.14246,6,CNY,USD
2024-10-07 12:00:00,0.14245,0.14245,0.14246,0.14246,20,CNY,USD
2024-10-07 08:00:00,0.14242,0.14242,0.14246,0.14242,44,CNY,USD
2024-10-07 04:00:00,0.14244,0.14242,0.14244,0.14242,48,CNY,USD
2024-10-07 00:00:00,0.14244,0.14095,0.14245,0.14244,45,CNY,USD
2024-10-06 20:00:00,0.14246,0.14244,0.14246,0.14244,19,CNY,USD
2024-10-04 16:00:00,0.14246,0.14246,0.14246,0.14246,6,CNY,USD
2024-10-04 12:00:00,0.14097,0.14097,0.14097,0.14097,6,CNY,USD
2024-10-04 08:00:00,0.14184,0.14097,0.14246,0.14097,54,CNY,USD
2024-10-04 04:00:00,0.14184,0.14183,0.14185,0.14184,72,CNY,USD
2024-10-04 00:00:00,0.14183,0.14182,0.14184,0.14184,68,CNY,USD
2024-10-03 20:00:00,0.1419,0.14183,0.1419,0.14183,97,CNY,USD
2024-10-03 16:00:00,0.14246,0.14188,0.14246,0.14188,7,CNY,USD
2024-10-03 12:00:00,0.14245,0.14245,0.14246,0.14246,17,CNY,USD
2024-10-03 08:00:00,0.14189,0.14187,0.14246,0.14246,40,CNY,USD
2024-10-03 04:00:00,0.14188,0.14187,0.14244,0.14189,46,CNY,USD
2024-10-03 00:00:00,0.14188,0.14186,0.14244,0.14188,48,CNY,USD
2024-10-02 20:00:00,0.14202,0.14187,0.14244,0.14187,30,CNY,USD
2024-10-02 16:00:00,0.14204,0.14204,0.14246,0.14246,12,CNY,USD
2024-10-02 12:00:00,0.14246,0.14245,0.14246,0.14246,14,CNY,USD
2024-10-02 08:00:00,0.14205,0.14204,0.14246,0.14204,48,CNY,USD
2024-10-02 04:00:00,0.14211,0.14204,0.14211,0.14205,48,CNY,USD
2024-10-02 00:00:00,0.14246,0.14203,0.14251,0.14211,48,CNY,USD
2024-10-01 20:00:00,0.14214,0.14211,0.14248,0.14246,30,CNY,USD
2024-10-01 16:00:00,0.14246,0.14221,0.14246,0.14246,15,CNY,USD
2024-10-01 12:00:00,0.14246,0.14246,0.14246,0.14246,6,CNY,USD
2024-10-01 08:00:00,0.14224,0.14221,0.14224,0.14221,47,CNY,USD
2024-10-01 04:00:00,0.14225,0.14218,0.14244,0.14224,48,CNY,USD
2024-10-01 00:00:00,0.14244,0.14224,0.14259,0.14224,47,CNY,USD
2024-09-30 20:00:00,0.14259,0.14244,0.14259,0.14244,15,CNY,USD
2024-09-30 16:00:00,0.14246,0.14246,0.14246,0.14246,18,CNY,USD
2024-09-30 12:00:00,0.14246,0.14245,0.14259,0.14246,34,CNY,USD
2024-09-30 08:00:00,0.14256,0.14246,0.14256,0.14246,18,CNY,USD
2024-09-30 04:00:00,0.14256,0.1425,0.14258,0.14256,47,CNY,USD
2024-09-30 00:00:00,0.14256,0.14253,0.14259,0.14255,43,CNY,USD
2024-09-29 20:00:00,0.14259,0.14247,0.14259,0.14256,35,CNY,USD
2024-09-27 16:00:00,0.14259,0.14259,0.14259,0.14259,2,CNY,USD
2024-09-27 12:00:00,0.14259,0.14259,0.14259,0.14259,17,CNY,USD
2024-09-27 08:00:00,0.14259,0.14258,0.14274,0.14259,48,CNY,USD
2024-09-27 04:00:00,0.14256,0.1425,0.14274,0.14259,48,CNY,USD
2024-09-27 00:00:00,0.14256,0.14251,0.14258,0.14255,48,CNY,USD
2024-09-26 20:00:00,0.1426,0.14243,0.1426,0.14255,30,CNY,USD
2024-09-26 16:00:00,0.1426,0.1426,0.1426,0.1426,12,CNY,USD
2024-09-26 12:00:00,0.14259,0.14259,0.1426,0.1426,18,CNY,USD
2024-09-26 08:00:00,0.14282,0.14258,0.14282,0.14259,46,CNY,USD
2024-09-26 04:00:00,0.1424,0.14237,0.14272,0.14272,48,CNY,USD
2024-09-26 00:00:00,0.14243,0.14239,0.14251,0.14241,48,CNY,USD
2024-09-25 20:00:00,0.14216,0.14216,0.14243,0.14242,30,CNY,USD
2024-09-25 16:00:00,0.14218,0.14218,0.14218,0.14218,6,CNY,USD
2024-09-25 12:00:00,0.14218,0.14217,0.14219,0.14218,26,CNY,USD
2024-09-25 08:00:00,0.14221,0.14219,0.14232,0.14219,47,CNY,USD
2024-09-25 04:00:00,0.14239,0.14221,0.14243,0.14221,48,CNY,USD
2024-09-25 00:00:00,0.14249,0.14237,0.14249,0.14237,48,CNY,USD
2024-09-24 20:00:00,0.14217,0.14217,0.14249,0.14246,42,CNY,USD
2024-09-24 16:00:00,0.14217,0.14217,0.14217,0.14217,9,CNY,USD
2024-09-24 12:00:00,0.14217,0.14217,0.14217,0.14217,20,CNY,USD
2024-09-24 08:00:00,0.14217,0.14207,0.14221,0.14217,48,CNY,USD
2024-09-24 04:00:00,0.14207,0.14202,0.14217,0.14215,48,CNY,USD
2024-09-24 00:00:00,0.14202,0.14198,0.14216,0.14209,48,CNY,USD
2024-09-23 20:00:00,0.14177,0.14155,0.14204,0.14203,41,CNY,USD
2024-09-23 16:00:00,0.14179,0.14179,0.14179,0.14179,6,CNY,USD
2024-09-23 12:00:00,0.14177,0.14177,0.14179,0.14179,22,CNY,USD
2024-09-23 08:00:00,0.14171,0.14168,0.14177,0.14177,47,CNY,USD
2024-09-23 04:00:00,0.14164,0.14161,0.14175,0.14172,48,CNY,USD
2024-09-23 00:00:00,0.14187,0.14164,0.1419,0.14165,48,CNY,USD
2024-09-22 20:00:00,0.14174,0.14174,0.1419,0.14186,36,CNY,USD
2024-09-20 12:00:00,0.14179,0.14179,0.14179,0.14179,16,CNY,USD
2024-09-20 08:00:00,0.14169,0.14168,0.14179,0.14179,48,CNY,USD
2024-09-20 04:00:00,0.14174,0.14165,0.14178,0.14169,48,CNY,USD
2024-09-20 00:00:00,0.14189,0.14173,0.14193,0.14174,48,CNY,USD
2024-09-19 20:00:00,0.14145,0.14144,0.14194,0.14189,36,CNY,USD
2024-09-19 16:00:00,0.14145,0.14145,0.14145,0.14145,16,CNY,USD
2024-09-19 12:00:00,0.14145,0.14144,0.14145,0.14144,23,CNY,USD
2024-09-19 08:00:00,0.14149,0.14139,0.14149,0.14145,44,CNY,USD
2024-09-19 04:00:00,0.1414,0.1414,0.14159,0.14149,48,CNY,USD
2024-09-19 00:00:00,0.14121,0.14121,0.14157,0.14141,48,CNY,USD
2024-10-18 16:00:00,0.01189081850449176,0.01189066297580488,0.01189825,0.01189825,234,INR,USD
2024-10-18 12:00:00,0.01189443923071525,0.01189084678287195,0.01189581172260871,0.01189112957407163,653,INR,USD
2024-10-18 08:00:00,0.01189501931751137,0.01189315192312267,0.01189692975933701,0.01189443923071525,1241,INR,USD
2024-10-18 04:00:00,0.01189434019716058,0.0118786853621336,0.01190377,0.01189400066606404,620,INR,USD
2024-10-18 00:00:00,0.011895443807113,0.01189272759707439,0.01189924,0.01189449582205834,488,INR,USD
2024-10-17 20:00:00,0.011894,0.011892,0.011897,0.011892,21,INR,USD
2024-10-17 16:00:00,0.01189,0.01189,0.011894,0.011893,47,INR,USD
2024-10-17 12:00:00,0.011891,0.011889,0.011895,0.01189,48,INR,USD
2024-10-17 08:00:00,0.011897,0.011874,0.011897,0.011891,48,INR,USD
2024-10-17 04:00:00,0.011893,0.011891,0.011897,0.011893,48,INR,USD
2024-10-17 00:00:00,0.011897,0.011892,0.011901,0.011894,48,INR,USD
2024-10-16 20:00:00,0.011896,0.011896,0.0119,0.011898,48,INR,USD
2024-10-16 16:00:00,0.011893,0.011893,0.011898,0.011896,47,INR,USD
2024-10-16 12:00:00,0.011894,0.011892,0.011895,0.011893,48,INR,USD
2024-10-16 08:00:00,0.011897,0.011894,0.011901,0.011894,48,INR,USD
2024-10-16 04:00:00,0.011893,0.011884,0.011905,0.011896,48,INR,USD
2024-10-16 00:00:00,0.011892,0.01189,0.011898,0.011894,48,INR,USD
2024-10-15 20:00:00,0.011891,0.011888,0.011895,0.011892,48,INR,USD
2024-10-15 16:00:00,0.011891,0.011891,0.011896,0.011893,47,INR,USD
2024-10-15 12:00:00,0.011892,0.011891,0.011893,0.011892,48,INR,USD
2024-10-15 08:00:00,0.011895,0.011891,0.011898,0.011892,48,INR,USD
2024-10-15 04:00:00,0.01189,0.011889,0.0119,0.011895,48,INR,USD
2024-10-15 00:00:00,0.01189,0.01189,0.011894,0.011891,48,INR,USD
2024-10-14 20:00:00,0.011899,0.01189,0.011899,0.011892,48,INR,USD
2024-10-14 16:00:00,0.011891,0.011891,0.011899,0.011899,48,INR,USD
2024-10-14 12:00:00,0.011891,0.011889,0.011894,0.011891,48,INR,USD
2024-10-14 08:00:00,0.011894,0.011889,0.011897,0.011891,48,INR,USD
2024-10-14 04:00:00,0.011892,0.011873,0.011897,0.011897,48,INR,USD
2024-10-14 00:00:00,0.011891,0.01189,0.011894,0.01189,48,INR,USD
2024-10-13 20:00:00,0.011884,0.011876,0.011893,0.011891,48,INR,USD
2024-10-11 16:00:00,0.01189007,0.011886,0.01189758,0.011886,593,INR,USD
2024-10-11 12:00:00,0.01188868,0.01188566,0.0118908,0.01188905,851,INR,USD
2024-10-11 08:00:00,0.01189352,0.01186846,0.01189587,0.01188911,2908,INR,USD
2024-10-11 04:00:00,0.01189576,0.01187624,0.01190476,0.01189393,1241,INR,USD
2024-10-11 00:00:00,0.01190768,0.01188663,0.01190768,0.01189543,1823,INR,USD
2024-10-10 20:00:00,0.01191224,0.01188895,0.01191277,0.01190883,1332,INR,USD
2024-10-10 16:00:00,0.011907,0.011887,0.011914,0.011908,47,INR,USD
2024-10-10 12:00:00,0.011907,0.011906,0.011909,0.011907,48,INR,USD
2024-10-10 08:00:00,0.011905,0.011888,0.011911,0.011906,48,INR,USD
2024-10-10 04:00:00,0.011906,0.011886,0.011909,0.011905,48,INR,USD
2024-10-10 00:00:00,0.011908,0.011905,0.011909,0.011905,48,INR,USD
2024-10-09 20:00:00,0.011911,0.011905,0.011912,0.011907,48,INR,USD
2024-10-09 16:00:00,0.011908,0.01189,0.011915,0.011911,48,INR,USD
2024-10-09 12:00:00,0.011906,0.011906,0.01191,0.011908,48,INR,USD
2024-10-09 08:00:00,0.011906,0.011904,0.01191,0.011906,48,INR,USD
2024-10-09 04:00:00,0.011906,0.011889,0.011912,0.011906,48,INR,USD
2024-10-09 00:00:00,0.01191,0.011906,0.011912,0.011906,48,INR,USD
2024-10-08 20:00:00,0.011914,0.01191,0.011919,0.01191,48,INR,USD
2024-10-08 16:00:00,0.011905,0.011892,0.011913,0.011913,47,INR,USD
2024-10-08 12:00:00,0.011906,0.011904,0.011906,0.011905,48,INR,USD
2024-10-08 08:00:00,0.011906,0.011904,0.011909,0.011904,48,INR,USD
2024-10-08 04:00:00,0.011907,0.011905,0.011911,0.011905,48,INR,USD
2024-10-08 00:00:00,0.01191,0.011906,0.011913,0.011908,48,INR,USD
2024-10-07 20:00:00,0.011903,0.011902,0.011911,0.01191,48,INR,USD
2024-10-07 16:00:00,0.011901,0.011883,0.011906,0.011906,45,INR,USD
2024-10-07 12:00:00,0.011901,0.011883,0.011905,0.011901,48,INR,USD
2024-10-07 08:00:00,0.011902,0.011901,0.011905,0.011901,48,INR,USD
2024-10-07 04:00:00,0.011904,0.011902,0.011908,0.011902,48,INR,USD
2024-10-07 00:00:00,0.011905,0.011904,0.011909,0.011904,48,INR,USD
2024-10-06 20:00:00,0.011897,0.011897,0.011907,0.011905,48,INR,USD
2024-10-04 16:00:00,0.011896,0.011895,0.011897,0.011897,18,INR,USD
2024-10-04 12:00:00,0.01189902,0.01189551,0.0119021,0.01189972,1145,INR,USD
2024-10-04 08:00:00,0.01190706,0.01188851,0.01191006,0.01189905,4350,INR,USD
2024-10-04 04:00:00,0.01190919,0.01190476,0.01191082,0.01190646,991,INR,USD
2024-10-04 00:00:00,0.01190907,0.01190604,0.01191127,0.01190947,955,INR,USD
2024-10-03 20:00:00,0.0119032,0.0119032,0.01191251,0.0119066,1313,INR,USD
2024-10-03 16:00:00,0.011902,0.011899,0.011903,0.011899,47,INR,USD
2024-10-03 12:00:00,0.011898,0.011896,0.011904,0.011902,48,INR,USD
2024-10-03 08:00:00,0.011901,0.011896,0.011904,0.011898,48,INR,USD
2024-10-03 04:00:00,0.011906,0.011884,0.011911,0.011901,48,INR,USD
2024-10-03 00:00:00,0.01191,0.011906,0.011912,0.011908,48,INR,USD
2024-10-02 20:00:00,0.011913,0.011905,0.011916,0.01191,48,INR,USD
2024-10-02 16:00:00,0.011908,0.011892,0.011913,0.011912,47,INR,USD
2024-10-02 12:00:00,0.011911,0.011907,0.011911,0.011907,48,INR,USD
2024-10-02 08:00:00,0.011904,0.011902,0.01191,0.01191,48,INR,USD
2024-10-02 04:00:00,0.011888,0.011888,0.011909,0.011904,48,INR,USD
2024-10-02 00:00:00,0.011918,0.011899,0.011918,0.011905,48,INR,USD
2024-10-01 20:00:00,0.011919,0.011916,0.011921,0.011919,48,INR,USD
2024-10-01 16:00:00,0.011913,0.011897,0.011919,0.011919,47,INR,USD
2024-10-01 12:00:00,0.011911,0.011907,0.011916,0.011913,47,INR,USD
2024-10-01 08:00:00,0.011925,0.011907,0.011929,0.011911,47,INR,USD
2024-10-01 04:00:00,0.011927,0.011925,0.01193,0.011925,48,INR,USD
2024-10-01 00:00:00,0.011927,0.01191,0.011931,0.01191,48,INR,USD
2024-09-30 20:00:00,0.011941,0.011926,0.011941,0.011928,48,INR,USD
2024-09-30 16:00:00,0.011935,0.011925,0.011935,0.011925,26,INR,USD
2024-09-30 12:00:00,0.011933,0.011928,0.011941,0.011935,47,INR,USD
2024-09-30 08:00:00,0.011933,0.011913,0.011935,0.011931,48,INR,USD
2024-09-30 04:00:00,0.011932,0.011912,0.011934,0.011933,48,INR,USD
2024-09-30 00:00:00,0.011935,0.011912,0.011935,0.011931,48,INR,USD
2024-09-29 20:00:00,0.011941,0.011934,0.011948,0.011935,45,INR,USD
2024-09-27 16:00:00,0.011941,0.01194,0.011942,0.011941,18,INR,USD
2024-09-27 12:00:00,0.011942,0.011939,0.011942,0.011942,48,INR,USD
2024-09-27 08:00:00,0.011946,0.011927,0.011949,0.011942,48,INR,USD
2024-09-27 04:00:00,0.011949,0.011926,0.011949,0.011946,48,INR,USD
2024-09-27 00:00:00,0.011955,0.011928,0.011955,0.011946,48,INR,USD
2024-09-26 20:00:00,0.011956,0.01195,0.011956,0.011952,48,INR,USD
2024-09-26 16:00:00,0.011955,0.011938,0.011956,0.011955,48,INR,USD
2024-09-26 12:00:00,0.011954,0.011951,0.011955,0.011954,48,INR,USD
2024-09-26 08:00:00,0.011953,0.011946,0.011956,0.011955,46,INR,USD
2024-09-26 04:00:00,0.011943,0.011942,0.011956,0.011956,48,INR,USD
2024-09-26 00:00:00,0.011945,0.011941,0.011949,0.011943,48,INR,USD
2024-09-25 20:00:00,0.011948,0.011945,0.011958,0.011945,48,INR,USD
2024-09-25 16:00:00,0.011957,0.011937,0.011957,0.011954,48,INR,USD
2024-09-25 12:00:00,0.011956,0.011953,0.011958,0.011957,48,INR,USD
2024-09-25 08:00:00,0.011957,0.011956,0.011966,0.011956,48,INR,USD
2024-09-25 04:00:00,0.011957,0.011941,0.011963,0.011957,48,INR,USD
2024-09-25 00:00:00,0.011966,0.011955,0.011969,0.011957,48,INR,USD
2024-09-24 20:00:00,0.011955,0.011955,0.011964,0.011964,48,INR,USD
2024-09-24 16:00:00,0.011957,0.01194,0.011961,0.011961,48,INR,USD
2024-09-24 12:00:00,0.011956,0.011953,0.011957,0.011957,48,INR,USD
2024-09-24 08:00:00,0.011949,0.011949,0.011957,0.011956,48,INR,USD
2024-09-24 04:00:00,0.01195,0.011947,0.011953,0.011949,48,INR,USD
2024-09-24 00:00:00,0.011966,0.011949,0.011966,0.01195,48,INR,USD
2024-09-23 20:00:00,0.011965,0.011964,0.011969,0.011965,48,INR,USD
2024-09-23 16:00:00,0.011966,0.01195,0.011967,0.011965,48,INR,USD
2024-09-23 12:00:00,0.011966,0.011966,0.011968,0.011966,48,INR,USD
2024-09-23 08:00:00,0.011965,0.011962,0.011967,0.011966,48,INR,USD
2024-09-23 04:00:00,0.011966,0.011964,0.01197,0.011965,48,INR,USD
2024-09-23 00:00:00,0.011977,0.011966,0.011979,0.01197,48,INR,USD
2024-09-22 20:00:00,0.011974,0.011962,0.01198,0.011979,46,INR,USD
2024-09-20 16:00:00,0.011974,0.011974,0.011976,0.011975,18,INR,USD
2024-09-20 12:00:00,0.011974,0.011973,0.011975,0.011973,48,INR,USD
2024-09-20 08:00:00,0.011965,0.011965,0.011974,0.011974,47,INR,USD
2024-09-20 04:00:00,0.011966,0.011951,0.01197,0.011965,48,INR,USD
2024-09-20 00:00:00,0.011963,0.011953,0.011975,0.011966,48,INR,USD
2024-09-19 20:00:00,0.011955,0.011954,0.011962,0.011961,48,INR,USD
2024-09-19 16:00:00,0.011954,0.01194,0.011956,0.011956,47,INR,USD
2024-09-19 12:00:00,0.011955,0.011953,0.011956,0.011954,48,INR,USD
2024-09-19 08:00:00,0.01195,0.011935,0.011954,0.011954,47,INR,USD
2024-09-19 04:00:00,0.011953,0.011935,0.011956,0.011949,48,INR,USD
2024-09-19 00:00:00,0.011945,0.011939,0.01196,0.011954,48,INR,USD
2024-10-18 16:00:00,0.1751,0.1751,0.1753,0.1751,24,BRL,USD
2024-10-18 12:00:00,0.1757,0.175,0.1758,0.1751,48,BRL,USD
2024-10-18 08:00:00,0.1772,0.1755,0.1772,0.1756,48,BRL,USD
2024-10-18 04:00:00,0.1765,0.176,0.1765,0.1764,48,BRL,USD
2024-10-18 00:00:00,0.1765,0.1765,0.1765,0.1765,24,BRL,USD
2024-10-17 20:00:00,0.1765,0.1765,0.1765,0.1765,15,BRL,USD
2024-10-17 16:00:00,0.1763,0.176,0.1765,0.1765,35,BRL,USD
2024-10-17 12:00:00,0.1757,0.1756,0.1763,0.1763,48,BRL,USD
2024-10-17 08:00:00,0.1755,0.1754,0.1761,0.1757,48,BRL,USD
2024-10-17 04:00:00,0.176,0.176,0.1762,0.1761,48,BRL,USD
2024-10-17 00:00:00,0.176,0.176,0.1766,0.176,30,BRL,USD
2024-10-16 20:00:00,0.176,0.176,0.176,0.176,47,BRL,USD
2024-10-16 16:00:00,0.1762,0.176,0.1763,0.176,48,BRL,USD
2024-10-16 12:00:00,0.1763,0.176,0.1767,0.1761,48,BRL,USD
2024-10-16 08:00:00,0.1767,0.1752,0.177,0.1762,48,BRL,USD
2024-10-16 04:00:00,0.1765,0.1763,0.1765,0.1765,48,BRL,USD
2024-10-16 00:00:00,0.1765,0.1765,0.1768,0.1765,48,BRL,USD
2024-10-15 20:00:00,0.1765,0.1765,0.1765,0.1765,42,BRL,USD
2024-10-15 16:00:00,0.1766,0.1763,0.1767,0.1765,43,BRL,USD
2024-10-15 12:00:00,0.1767,0.1762,0.1767,0.1763,48,BRL,USD
2024-10-15 08:00:00,0.1783,0.1765,0.1787,0.1767,48,BRL,USD
2024-10-15 04:00:00,0.1783,0.1783,0.1783,0.1783,48,BRL,USD
2024-10-15 00:00:00,0.1783,0.1783,0.1783,0.1783,31,BRL,USD
2024-10-14 20:00:00,0.1783,0.1783,0.1783,0.1783,40,BRL,USD
2024-10-14 16:00:00,0.1786,0.1782,0.1789,0.1783,47,BRL,USD
2024-10-14 12:00:00,0.1788,0.1787,0.1792,0.1787,48,BRL,USD
2024-10-14 08:00:00,0.1774,0.1767,0.1787,0.1787,48,BRL,USD
2024-10-14 04:00:00,0.1778,0.1772,0.1778,0.1778,48,BRL,USD
2024-10-14 00:00:00,0.1778,0.1776,0.1778,0.1778,24,BRL,USD
2024-10-13 20:00:00,0.178,0.1778,0.178,0.1778,37,BRL,USD
2024-10-11 16:00:00,0.1777,0.1777,0.178,0.178,24,BRL,USD
2024-10-11 12:00:00,0.1774,0.17698,0.17809,0.17804,2319,BRL,USD
2024-10-11 08:00:00,0.17921,0.17681,0.17983,0.17741,2574,BRL,USD
2024-10-11 04:00:00,0.17907,0.17895,0.17909,0.17906,91,BRL,USD
2024-10-11 00:00:00,0.17906,0.1787,0.1791,0.17907,44,BRL,USD
2024-10-10 20:00:00,0.17906,0.17867,0.17906,0.17905,54,BRL,USD
2024-10-10 16:00:00,0.1786,0.1786,0.1787,0.1787,39,BRL,USD
2024-10-10 12:00:00,0.1788,0.1783,0.1789,0.1787,48,BRL,USD
2024-10-10 08:00:00,0.1786,0.1781,0.1791,0.1787,48,BRL,USD
2024-10-10 04:00:00,0.1783,0.1783,0.1784,0.1784,48,BRL,USD
2024-10-10 00:00:00,0.1787,0.1783,0.1787,0.1783,18,BRL,USD
2024-10-09 20:00:00,0.1783,0.1782,0.1783,0.1783,48,BRL,USD
2024-10-09 16:00:00,0.1786,0.1782,0.1786,0.1782,47,BRL,USD
2024-10-09 12:00:00,0.1787,0.1779,0.1788,0.1786,48,BRL,USD
2024-10-09 08:00:00,0.1803,0.1786,0.1803,0.1787,48,BRL,USD
2024-10-09 04:00:00,0.1803,0.1803,0.1803,0.1803,48,BRL,USD
2024-10-09 00:00:00,0.1808,0.1802,0.1808,0.1803,17,BRL,USD
2024-10-08 20:00:00,0.1802,0.1802,0.1802,0.1802,22,BRL,USD
2024-10-08 16:00:00,0.1804,0.1801,0.1805,0.1802,41,BRL,USD
2024-10-08 12:00:00,0.1804,0.1803,0.1808,0.1804,48,BRL,USD
2024-10-08 08:00:00,0.1813,0.1804,0.1814,0.1804,48,BRL,USD
2024-10-08 04:00:00,0.1815,0.1815,0.1818,0.1815,48,BRL,USD
2024-10-08 00:00:00,0.1816,0.1815,0.1816,0.1815,37,BRL,USD
2024-10-07 20:00:00,0.1816,0.1815,0.1816,0.1816,47,BRL,USD
2024-10-07 16:00:00,0.1819,0.1816,0.1819,0.1816,47,BRL,USD
2024-10-07 12:00:00,0.1819,0.1817,0.1822,0.1819,48,BRL,USD
2024-10-07 08:00:00,0.1828,0.1817,0.184,0.1819,48,BRL,USD
2024-10-07 04:00:00,0.1829,0.1826,0.1829,0.1829,48,BRL,USD
2024-10-07 00:00:00,0.1829,0.1829,0.1829,0.1829,18,BRL,USD
2024-10-06 20:00:00,0.1827,0.1827,0.1829,0.1829,26,BRL,USD
2024-10-04 16:00:00,0.1829,0.1826,0.183,0.183,24,BRL,USD
2024-10-04 12:00:00,0.18312,0.18271,0.18334,0.18324,2129,BRL,USD
2024-10-04 08:00:00,0.18251,0.18104,0.18339,0.18314,2604,BRL,USD
2024-10-04 04:00:00,0.18249,0.18239,0.18256,0.18251,114,BRL,USD
2024-10-04 00:00:00,0.1825,0.18239,0.18252,0.18248,67,BRL,USD
2024-10-03 20:00:00,0.1825,0.18249,0.18251,0.1825,60,BRL,USD
2024-10-03 16:00:00,0.1823,0.1821,0.1825,0.1825,26,BRL,USD
2024-10-03 12:00:00,0.1817,0.1817,0.1825,0.1823,48,BRL,USD
2024-10-03 08:00:00,0.1829,0.1813,0.1829,0.1818,46,BRL,USD
2024-10-03 04:00:00,0.1835,0.1833,0.1835,0.1834,48,BRL,USD
2024-10-03 00:00:00,0.1834,0.1834,0.1835,0.1835,48,BRL,USD
2024-10-02 20:00:00,0.1834,0.1833,0.1834,0.1834,48,BRL,USD
2024-10-02 16:00:00,0.1833,0.1833,0.1836,0.1834,42,BRL,USD
2024-10-02 12:00:00,0.1836,0.1831,0.1836,0.1833,48,BRL,USD
2024-10-02 08:00:00,0.1827,0.1827,0.1843,0.1835,48,BRL,USD
2024-10-02 04:00:00,0.1839,0.1827,0.1839,0.1827,48,BRL,USD
2024-10-02 00:00:00,0.1829,0.1829,0.1839,0.1839,18,BRL,USD
2024-10-01 20:00:00,0.1839,0.1839,0.1839,0.1839,18,BRL,USD
2024-10-01 16:00:00,0.1826,0.1825,0.1839,0.1839,37,BRL,USD
2024-10-01 12:00:00,0.1831,0.1823,0.1833,0.1828,47,BRL,USD
2024-10-01 08:00:00,0.1831,0.1823,0.1837,0.1831,47,BRL,USD
2024-10-01 04:00:00,0.1831,0.1831,0.1831,0.1831,48,BRL,USD
2024-10-01 00:00:00,0.1831,0.1831,0.1836,0.1831,22,BRL,USD
2024-09-30 20:00:00,0.1831,0.1831,0.1831,0.1831,6,BRL,USD
2024-09-30 16:00:00,0.1832,0.183,0.1832,0.1831,35,BRL,USD
2024-09-30 12:00:00,0.183,0.1826,0.1833,0.1831,48,BRL,USD
2024-09-30 08:00:00,0.1837,0.1824,0.1845,0.1829,48,BRL,USD
2024-09-30 04:00:00,0.1836,0.1836,0.1836,0.1836,10,BRL,USD
2024-09-30 00:00:00,0.1836,0.1836,0.1836,0.1836,14,BRL,USD
2024-09-29 20:00:00,0.1836,0.1836,0.1836,0.1836,11,BRL,USD
2024-09-27 16:00:00,0.1836,0.1836,0.1837,0.1836,19,BRL,USD
2024-09-27 12:00:00,0.1837,0.1832,0.1838,0.1836,48,BRL,USD
2024-09-27 08:00:00,0.1834,0.1829,0.1838,0.1838,48,BRL,USD
2024-09-27 04:00:00,0.1835,0.1834,0.1835,0.1835,48,BRL,USD
2024-09-27 00:00:00,0.1835,0.1835,0.1842,0.1835,23,BRL,USD
2024-09-26 20:00:00,0.1835,0.1835,0.1835,0.1835,28,BRL,USD
2024-09-26 16:00:00,0.1833,0.1832,0.1835,0.1835,39,BRL,USD
2024-09-26 12:00:00,0.1836,0.183,0.1837,0.1834,48,BRL,USD
2024-09-26 08:00:00,0.1822,0.1822,0.1844,0.1838,47,BRL,USD
2024-09-26 04:00:00,0.1822,0.1821,0.1823,0.1822,48,BRL,USD
2024-09-26 00:00:00,0.1829,0.1822,0.1829,0.1822,18,BRL,USD
2024-09-25 20:00:00,0.1822,0.1822,0.1823,0.1823,31,BRL,USD
2024-09-25 16:00:00,0.1822,0.182,0.1823,0.1822,46,BRL,USD
2024-09-25 12:00:00,0.182,0.1818,0.1824,0.1823,48,BRL,USD
2024-09-25 08:00:00,0.1829,0.1816,0.1833,0.1821,48,BRL,USD
2024-09-25 04:00:00,0.1837,0.1829,0.1837,0.1829,48,BRL,USD
2024-09-25 00:00:00,0.1829,0.1829,0.1837,0.1837,48,BRL,USD
2024-09-24 20:00:00,0.1829,0.1829,0.1829,0.1829,48,BRL,USD
2024-09-24 16:00:00,0.1827,0.1825,0.1829,0.1829,48,BRL,USD
2024-09-24 12:00:00,0.1825,0.1825,0.183,0.1827,48,BRL,USD
2024-09-24 08:00:00,0.1803,0.1803,0.183,0.1826,48,BRL,USD
2024-09-24 04:00:00,0.1815,0.1801,0.1815,0.1803,48,BRL,USD
2024-09-24 00:00:00,0.1808,0.1808,0.1815,0.1815,48,BRL,USD
2024-09-23 20:00:00,0.1808,0.1808,0.1808,0.1808,48,BRL,USD
2024-09-23 16:00:00,0.1803,0.1801,0.1808,0.1808,48,BRL,USD
2024-09-23 12:00:00,0.1802,0.1798,0.1805,0.1803,48,BRL,USD
2024-09-23 08:00:00,0.1811,0.1785,0.1811,0.1802,48,BRL,USD
2024-09-23 04:00:00,0.1811,0.1808,0.1815,0.1808,48,BRL,USD
2024-09-23 00:00:00,0.1815,0.181,0.1815,0.1811,18,BRL,USD
2024-09-22 20:00:00,0.1809,0.1809,0.1811,0.1811,12,BRL,USD
2024-09-20 16:00:00,0.1807,0.1807,0.1809,0.1809,24,BRL,USD
2024-09-20 12:00:00,0.1818,0.1807,0.1818,0.1807,48,BRL,USD
2024-09-20 08:00:00,0.1834,0.1816,0.1841,0.1818,48,BRL,USD
2024-09-20 04:00:00,0.1845,0.1838,0.1845,0.1839,48,BRL,USD
2024-09-20 00:00:00,0.1839,0.1839,0.1845,0.1845,18,BRL,USD
2024-09-19 20:00:00,0.184,0.1839,0.184,0.184,43,BRL,USD
2024-09-19 16:00:00,0.184,0.1837,0.184,0.1839,47,BRL,USD
2024-09-19 12:00:00,0.1845,0.1837,0.1845,0.1839,48,BRL,USD
2024-09-19 08:00:00,0.1827,0.1827,0.1847,0.1844,45,BRL,USD
2024-09-19 04:00:00,0.1827,0.1826,0.1842,0.1827,48,BRL,USD
2024-09-19 00:00:00,0.1827,0.1826,0.1827,0.1827,48,BRL,USD
